mean_score,median_score,max_score,min_score,evaluation_seed,num_games,evaluator_type,evaluator_config,heuristic,scores,extra_info
4271.16,2895.0,23771,66,13,200,tetris.heuristic_bot_gym.evaluators.parallel_within_bot.ParallelWithinBotEvaluator,"{'board_size': (15, 10), 'max_evaluation_frames': 1000000, 'block_selection_fn_from_seed': <function SpawnStrategyImpl.truly_random_select_fn>, 'ui_class': <class 'tetris.ui.cli.ui.CLI'>, 'fps': 60, 'score_log_freq': 1000}","Heuristic(sum_of_cell_heights_close_to_top_weight=41.42967036153849, num_distinct_overhangs_weight=14.529591048524448, num_rows_with_overhung_holes_weight=8.017452198498912, num_overhung_cells_weight=0.5906781395758662, num_overhanging_cells_weight=0.04572048219520809, num_narrow_gaps_weight=22.900970176119735, sum_of_cell_heights_weight=0.04672889773998223, sum_of_adjacent_height_differences_weight=3.762824601237703, close_to_top_threshold=2)","[3408, 127, 3487, 2808, 4217, 3865, 1203, 5911, 3933, 2068, 4216, 1007, 210, 6171, 6584, 194, 179, 14562, 1903, 4265, 7055, 4200, 2598, 9365, 3907, 339, 7688, 5583, 3951, 3243, 975, 2074, 2957, 2204, 894, 8664, 2421, 2454, 5473, 4563, 137, 1249, 5364, 2810, 4698, 88, 3594, 4593, 2050, 1658, 5445, 888, 1294, 122, 1478, 5913, 462, 2018, 790, 306, 5040, 1226, 342, 5977, 5157, 2832, 192, 7894, 11585, 1885, 3494, 3912, 1161, 11033, 66, 8152, 106, 8731, 954, 2933, 2158, 9806, 2857, 833, 4181, 15122, 3387, 6027, 14008, 8683, 6039, 1645, 7150, 2306, 4396, 2467, 9818, 4618, 5702, 2592, 5733, 1525, 1041, 3065, 5674, 6117, 1280, 1831, 1841, 843, 12730, 1935, 13477, 569, 7312, 2156, 1111, 7241, 9057, 792, 1788, 3418, 2963, 18219, 10289, 2363, 159, 2512, 2473, 4683, 940, 3629, 3936, 6959, 4691, 14508, 576, 10789, 10394, 6000, 1313, 1381, 481, 4210, 11358, 2686, 205, 1997, 6930, 4405, 1027, 708, 6646, 4995, 15698, 2550, 23771, 1317, 5517, 6068, 2001, 996, 849, 3139, 13363, 11114, 2308, 2672, 1199, 1349, 17953, 433, 1933, 1577, 2332, 1898, 519, 4726, 7324, 539, 7248, 1083, 137, 3267, 6360, 1389, 1127, 20315, 4353, 339, 2984, 1037, 1664, 3361, 5527, 896, 2276, 18654, 923, 836]","{'checkpoint': 'D:\\dev\\python\\tetris_tdd\\src\\tetris\\heuristic_bot_gym\\.checkpoints\\15x10\\2025-02-14_17-39-56_fitness-11285.pkl', 'top_k': 3, 'previous_mean_score': 4863.68, 'previous_median_score': 3304.5, 'previous_max_score': 24722, 'previous_min_score': 164}"
3965.645,2933.5,23437,68,13,200,tetris.heuristic_bot_gym.evaluators.parallel_within_bot.ParallelWithinBotEvaluator,"{'board_size': (15, 10), 'max_evaluation_frames': 1000000, 'block_selection_fn_from_seed': <function SpawnStrategyImpl.truly_random_select_fn>, 'ui_class': <class 'tetris.ui.cli.ui.CLI'>, 'fps': 60, 'score_log_freq': 1000}","Heuristic(sum_of_cell_heights_close_to_top_weight=40.89457607843424, num_distinct_overhangs_weight=18.22445229206337, num_rows_with_overhung_holes_weight=5.065240858045357, num_overhung_cells_weight=0.3912644095631127, num_overhanging_cells_weight=0.10027611440722689, num_narrow_gaps_weight=17.56913864221128, sum_of_cell_heights_weight=0.04753922538922408, sum_of_adjacent_height_differences_weight=3.85145041256396, close_to_top_threshold=2)","[6840, 2379, 2915, 1498, 2612, 5751, 660, 4903, 1998, 4627, 1994, 1099, 1177, 9782, 6436, 3177, 432, 287, 11167, 348, 2854, 5374, 7266, 8965, 243, 7556, 3811, 2273, 3035, 3302, 3988, 1282, 1923, 4843, 1701, 4999, 7848, 7613, 1784, 320, 2818, 7003, 1142, 5977, 4479, 1262, 7023, 5263, 2785, 7610, 1359, 3794, 5707, 3363, 2620, 3551, 2776, 1043, 2328, 1750, 545, 9967, 12752, 6192, 11328, 1066, 6924, 3172, 427, 6633, 17116, 94, 949, 12424, 2604, 718, 558, 4047, 6193, 4497, 15593, 2952, 1913, 3983, 5910, 7432, 7162, 2912, 129, 1295, 4159, 2794, 5089, 705, 6259, 10683, 914, 190, 267, 4768, 1588, 6307, 3748, 7318, 682, 1631, 3242, 16241, 3918, 371, 4630, 2233, 4187, 3122, 3411, 1502, 154, 1413, 7823, 2414, 5015, 6384, 12248, 819, 926, 1903, 2025, 9536, 2100, 3555, 3803, 397, 1157, 614, 4210, 163, 2470, 8817, 6064, 104, 1142, 1964, 16206, 3504, 135, 705, 521, 848, 7087, 3813, 6594, 3356, 3639, 960, 627, 5747, 2898, 68, 3547, 1208, 455, 70, 1473, 306, 2522, 7605, 4946, 6005, 10622, 2654, 1605, 13245, 1036, 4208, 150, 2963, 1817, 23437, 4233, 4526, 2531, 2542, 2548, 1131, 6985, 1213, 330, 462, 3977, 9014, 741, 3037, 2234, 2194, 1170, 4515, 2276, 5038, 9661, 6808]","{'checkpoint': 'D:\\dev\\python\\tetris_tdd\\src\\tetris\\heuristic_bot_gym\\.checkpoints\\15x10\\finetuning\\2025-02-14_19-52-53_fitness-13284.pkl', 'top_k': 3, 'previous_mean_score': 4849.3, 'previous_median_score': 3979.5, 'previous_max_score': 27763, 'previous_min_score': 51}"
3807.57,2639.0,16785,56,13,200,tetris.heuristic_bot_gym.evaluators.parallel_within_bot.ParallelWithinBotEvaluator,"{'board_size': (15, 10), 'max_evaluation_frames': 1000000, 'block_selection_fn_from_seed': <function SpawnStrategyImpl.truly_random_select_fn>, 'ui_class': <class 'tetris.ui.cli.ui.CLI'>, 'fps': 60, 'score_log_freq': 1000}","Heuristic(sum_of_cell_heights_close_to_top_weight=37.652763984182684, num_distinct_overhangs_weight=16.877752999883597, num_rows_with_overhung_holes_weight=7.943677640345351, num_overhung_cells_weight=0.4779122479971236, num_overhanging_cells_weight=0.038490107345981565, num_narrow_gaps_weight=18.114996501107665, sum_of_cell_heights_weight=0.04765174391968494, sum_of_adjacent_height_differences_weight=3.7514188813751512, close_to_top_threshold=2)","[91, 2620, 3787, 4177, 6018, 8557, 56, 3432, 6454, 3742, 2447, 3845, 864, 332, 4996, 2176, 4429, 2521, 16593, 1039, 4367, 1387, 899, 5378, 3111, 16785, 3531, 2315, 3957, 1940, 496, 1007, 15313, 1584, 4607, 6892, 378, 693, 1979, 1303, 5441, 6182, 2363, 598, 10905, 2883, 165, 250, 1680, 515, 2151, 2986, 786, 3354, 6352, 1498, 1186, 1376, 2265, 1808, 4000, 5271, 5421, 1079, 7098, 891, 4203, 8057, 3416, 1150, 7840, 5542, 1109, 498, 2286, 8227, 77, 268, 2249, 9459, 81, 4993, 13700, 7539, 8397, 14594, 1300, 5994, 1187, 1286, 3797, 1658, 5840, 1404, 1489, 9685, 908, 10338, 1388, 6178, 1069, 2557, 904, 8494, 2240, 1445, 6464, 2658, 100, 935, 1135, 7863, 9888, 1519, 3559, 6188, 609, 10634, 2107, 1201, 2269, 5032, 2915, 1631, 918, 6091, 2434, 15085, 223, 4153, 832, 4449, 2924, 781, 3561, 280, 4725, 3097, 953, 166, 2853, 1189, 5253, 5560, 2936, 2797, 1104, 852, 821, 1676, 2005, 1303, 2620, 14815, 5242, 7069, 2339, 3997, 1291, 5030, 2579, 4305, 809, 1902, 10313, 1130, 7701, 7191, 3611, 4498, 7579, 4802, 60, 3832, 1292, 193, 1383, 4099, 14359, 1294, 288, 816, 1642, 8950, 6104, 8619, 3992, 5509, 3086, 2468, 57, 5206, 1484, 6021, 3134, 3358, 976, 11337, 8802, 1154]","{'checkpoint': 'D:\\dev\\python\\tetris_tdd\\src\\tetris\\heuristic_bot_gym\\.checkpoints\\15x10\\2025-02-14_11-27-36_fitness-11111.pkl', 'top_k': 1, 'previous_mean_score': 4840.4, 'previous_median_score': 3263.5, 'previous_max_score': 25025, 'previous_min_score': 385}"
4313.54,3042.0,28752,57,13,200,tetris.heuristic_bot_gym.evaluators.parallel_within_bot.ParallelWithinBotEvaluator,"{'board_size': (15, 10), 'max_evaluation_frames': 1000000, 'block_selection_fn_from_seed': <function SpawnStrategyImpl.truly_random_select_fn>, 'ui_class': <class 'tetris.ui.cli.ui.CLI'>, 'fps': 60, 'score_log_freq': 1000}","Heuristic(sum_of_cell_heights_close_to_top_weight=48.911622877632894, num_distinct_overhangs_weight=16.81028745175484, num_rows_with_overhung_holes_weight=4.829358827867787, num_overhung_cells_weight=0.45083691756863487, num_overhanging_cells_weight=0.09445474241589495, num_narrow_gaps_weight=18.680178501026393, sum_of_cell_heights_weight=0.040802024923998, sum_of_adjacent_height_differences_weight=3.092694849387661, close_to_top_threshold=2)","[2237, 2321, 2486, 1537, 2607, 416, 4146, 2204, 9287, 5168, 2105, 398, 450, 5011, 4221, 5446, 453, 3256, 3482, 12504, 5739, 3348, 17577, 701, 1300, 1591, 14291, 4585, 4877, 15316, 57, 492, 569, 1062, 4799, 2958, 1503, 8834, 6992, 2470, 1051, 2395, 7246, 587, 642, 6703, 920, 4902, 3384, 2097, 3527, 2836, 7290, 5876, 7871, 4141, 7832, 15482, 443, 6451, 2222, 4389, 373, 5975, 7705, 384, 1655, 832, 3051, 4707, 1946, 9405, 1108, 2683, 73, 2402, 973, 892, 8908, 2145, 1003, 2958, 20360, 613, 28752, 5998, 4414, 3156, 158, 150, 1209, 12071, 6956, 549, 713, 3555, 11871, 99, 345, 2937, 5272, 5018, 994, 3514, 8206, 15136, 1170, 6649, 236, 943, 8358, 3710, 883, 5167, 2706, 455, 3742, 3090, 4763, 99, 691, 2816, 1890, 8316, 246, 1360, 3771, 6574, 11786, 927, 3997, 2562, 1762, 660, 6955, 6598, 13502, 1781, 1680, 14416, 9715, 6146, 8394, 1177, 496, 2753, 4163, 8462, 3871, 4317, 3979, 1012, 6077, 300, 617, 1068, 3033, 68, 2813, 6048, 2283, 6969, 642, 2838, 2411, 9971, 86, 15260, 14562, 3261, 1237, 1177, 700, 10615, 3278, 3510, 1042, 3099, 11989, 7713, 274, 6626, 452, 6420, 1073, 4127, 1858, 5581, 4949, 1084, 1873, 359, 10822, 7909, 5575, 2386, 5541, 11396, 3661, 1022]","{'checkpoint': 'D:\\dev\\python\\tetris_tdd\\src\\tetris\\heuristic_bot_gym\\.checkpoints\\15x10\\finetuning\\2025-02-14_18-32-06_fitness-18837.pkl', 'top_k': 3, 'previous_mean_score': 4838.02, 'previous_median_score': 3475.0, 'previous_max_score': 14752, 'previous_min_score': 91}"
4461.76,3177.0,25661,19,13,200,tetris.heuristic_bot_gym.evaluators.parallel_within_bot.ParallelWithinBotEvaluator,"{'board_size': (15, 10), 'max_evaluation_frames': 1000000, 'block_selection_fn_from_seed': <function SpawnStrategyImpl.truly_random_select_fn>, 'ui_class': <class 'tetris.ui.cli.ui.CLI'>, 'fps': 60, 'score_log_freq': 1000}","Heuristic(sum_of_cell_heights_close_to_top_weight=27.399711672555004, num_distinct_overhangs_weight=14.080165891093637, num_rows_with_overhung_holes_weight=7.216495137688838, num_overhung_cells_weight=0.5576408493035356, num_overhanging_cells_weight=0.0382481588693553, num_narrow_gaps_weight=18.175328969446788, sum_of_cell_heights_weight=0.05763790229895012, sum_of_adjacent_height_differences_weight=3.5553979984566655, close_to_top_threshold=2)","[3879, 186, 5954, 131, 1177, 13595, 210, 2092, 8325, 3292, 330, 5602, 2540, 2518, 1091, 2956, 9148, 5655, 524, 2658, 19, 1512, 972, 20674, 10640, 3307, 3846, 4964, 3442, 2564, 10821, 2057, 1763, 1745, 4138, 4365, 451, 1817, 1973, 558, 7912, 4044, 102, 468, 1707, 88, 6582, 5763, 6763, 800, 3826, 3523, 3838, 13474, 4865, 2945, 148, 2697, 660, 1820, 11356, 3368, 5864, 905, 7679, 6892, 9137, 7017, 6261, 3212, 109, 10847, 11055, 2649, 8598, 2118, 7296, 1707, 2891, 2138, 1852, 1774, 934, 2131, 6761, 9311, 998, 53, 1030, 843, 3769, 2572, 1932, 17199, 100, 5929, 4113, 1755, 1407, 1948, 3510, 299, 916, 2169, 2240, 10845, 6921, 462, 866, 691, 4473, 7400, 4294, 1506, 3314, 434, 598, 11357, 6178, 6857, 2209, 783, 4025, 3504, 2576, 6208, 5220, 817, 4067, 4103, 2360, 3790, 6412, 4754, 196, 19399, 9102, 2906, 9862, 3944, 91, 1146, 1450, 5048, 2731, 4522, 4542, 8442, 4269, 13691, 108, 9417, 3000, 1942, 713, 23443, 225, 4582, 8296, 3246, 5828, 7005, 5613, 24019, 3904, 5703, 3142, 9667, 15766, 7510, 750, 577, 703, 283, 6645, 1670, 1460, 4870, 8912, 1261, 1057, 5710, 137, 25661, 3618, 1382, 6986, 14959, 7626, 418, 7837, 445, 604, 749, 1962, 2286, 14017, 1103, 2660, 2350]","{'checkpoint': 'D:\\dev\\python\\tetris_tdd\\src\\tetris\\heuristic_bot_gym\\.checkpoints\\15x10\\2025-02-14_17-56-43_fitness-12621.pkl', 'top_k': 6, 'previous_mean_score': 4776.94, 'previous_median_score': 3155.5, 'previous_max_score': 15009, 'previous_min_score': 707}"
4094.045,2630.0,22249,57,13,200,tetris.heuristic_bot_gym.evaluators.parallel_within_bot.ParallelWithinBotEvaluator,"{'board_size': (15, 10), 'max_evaluation_frames': 1000000, 'block_selection_fn_from_seed': <function SpawnStrategyImpl.truly_random_select_fn>, 'ui_class': <class 'tetris.ui.cli.ui.CLI'>, 'fps': 60, 'score_log_freq': 1000}","Heuristic(sum_of_cell_heights_close_to_top_weight=47.169071375624945, num_distinct_overhangs_weight=16.40935187324947, num_rows_with_overhung_holes_weight=4.568868340276466, num_overhung_cells_weight=0.444707332769668, num_overhanging_cells_weight=0.08849856469506319, num_narrow_gaps_weight=17.619959306815964, sum_of_cell_heights_weight=0.03909440306967335, sum_of_adjacent_height_differences_weight=3.0890431073511455, close_to_top_threshold=2)","[6911, 2961, 10324, 2117, 842, 1619, 1533, 574, 3321, 1030, 1840, 13581, 1572, 9459, 6094, 2614, 3366, 1330, 2903, 368, 2031, 4941, 431, 2800, 17287, 925, 3155, 1172, 7768, 1779, 57, 20504, 7003, 3034, 1728, 1727, 13857, 3811, 2977, 3767, 7864, 2050, 11067, 2130, 4719, 2693, 1150, 1076, 9660, 18840, 2249, 1271, 4737, 3884, 1251, 390, 7326, 2416, 372, 1652, 1852, 19646, 4691, 1587, 4456, 5591, 722, 826, 9861, 553, 437, 476, 5942, 5389, 73, 3336, 1175, 3581, 1677, 2655, 6437, 2046, 313, 3396, 5449, 1166, 2325, 1544, 1767, 1687, 8365, 14614, 7135, 2345, 1489, 2400, 830, 99, 11257, 1078, 6235, 8713, 612, 8911, 128, 896, 932, 8007, 2813, 1546, 4466, 10905, 2286, 1917, 22249, 2011, 1927, 4672, 736, 99, 599, 4249, 1564, 3445, 2203, 1527, 2347, 644, 3660, 1199, 7135, 7844, 1152, 1601, 1038, 4786, 8009, 16128, 2902, 641, 100, 8163, 3150, 1941, 135, 2680, 6359, 1354, 5792, 4316, 3135, 7644, 15685, 492, 687, 2646, 10569, 68, 2702, 1952, 1935, 3977, 2504, 3369, 1484, 2389, 7992, 3433, 6983, 4542, 2988, 15471, 12705, 2966, 10268, 3441, 3282, 1115, 6428, 3490, 399, 2345, 13548, 1108, 4167, 1258, 1677, 5660, 4956, 908, 2549, 3520, 2575, 4301, 2155, 3921, 2423, 1048, 3667, 1380]","{'checkpoint': 'D:\\dev\\python\\tetris_tdd\\src\\tetris\\heuristic_bot_gym\\.checkpoints\\15x10\\finetuning\\2025-02-14_21-29-15_fitness-11822.pkl', 'top_k': 7, 'previous_mean_score': 4642.72, 'previous_median_score': 2746.0, 'previous_max_score': 17738, 'previous_min_score': 121}"
4115.345,3084.0,24948,74,13,200,tetris.heuristic_bot_gym.evaluators.parallel_within_bot.ParallelWithinBotEvaluator,"{'board_size': (15, 10), 'max_evaluation_frames': 1000000, 'block_selection_fn_from_seed': <function SpawnStrategyImpl.truly_random_select_fn>, 'ui_class': <class 'tetris.ui.cli.ui.CLI'>, 'fps': 60, 'score_log_freq': 1000}","Heuristic(sum_of_cell_heights_close_to_top_weight=31.561405827755127, num_distinct_overhangs_weight=14.28200459973235, num_rows_with_overhung_holes_weight=5.992567087282148, num_overhung_cells_weight=0.47296546559291547, num_overhanging_cells_weight=0.04961999808069783, num_narrow_gaps_weight=20.434313335543326, sum_of_cell_heights_weight=0.04895973843887606, sum_of_adjacent_height_differences_weight=2.9046525787750297, close_to_top_threshold=2)","[2053, 4251, 12036, 114, 961, 6986, 1530, 9855, 774, 1667, 643, 3598, 6374, 821, 22010, 3856, 2476, 9943, 2279, 640, 929, 3641, 1747, 500, 360, 875, 757, 119, 9997, 3969, 6072, 1089, 3707, 5237, 2489, 544, 4924, 9227, 556, 7500, 4400, 5084, 3720, 499, 5011, 2678, 18307, 8697, 12033, 163, 1734, 258, 3694, 3142, 1634, 315, 3091, 4570, 1272, 1347, 9201, 992, 3077, 640, 10499, 310, 6142, 4618, 4063, 5943, 8224, 5788, 1107, 3516, 3182, 1796, 74, 13060, 1025, 2644, 580, 1884, 24948, 1267, 1599, 3276, 5295, 92, 102, 198, 624, 2934, 784, 7383, 1171, 903, 3109, 4634, 105, 1127, 4942, 218, 3321, 3525, 1598, 8298, 3000, 11393, 1292, 4831, 3011, 12244, 5269, 5319, 5693, 451, 612, 633, 5150, 793, 2284, 6148, 2736, 7054, 3651, 2225, 6174, 644, 8592, 2221, 6539, 137, 1282, 7304, 1458, 22013, 2070, 156, 2753, 1397, 4722, 7429, 3305, 1245, 10325, 1198, 102, 10184, 4583, 4322, 2166, 8331, 3396, 169, 10258, 4520, 16428, 5816, 11767, 2079, 1075, 5154, 10962, 4040, 6550, 1417, 112, 486, 3126, 3222, 603, 5953, 6294, 2121, 135, 8461, 8830, 7100, 4217, 1212, 1226, 480, 6939, 3431, 8351, 5838, 1901, 1577, 106, 7026, 11481, 612, 459, 2549, 5571, 9558, 1545, 1373, 935, 3594]","{'checkpoint': 'D:\\dev\\python\\tetris_tdd\\src\\tetris\\heuristic_bot_gym\\.checkpoints\\15x10\\finetuning\\2025-02-14_20-13-33_fitness-11619.pkl', 'top_k': 8, 'previous_mean_score': 4535.16, 'previous_median_score': 3540.5, 'previous_max_score': 19107, 'previous_min_score': 219}"
3680.5,2816.5,17449,57,13,200,tetris.heuristic_bot_gym.evaluators.parallel_within_bot.ParallelWithinBotEvaluator,"{'board_size': (15, 10), 'max_evaluation_frames': 1000000, 'block_selection_fn_from_seed': <function SpawnStrategyImpl.truly_random_select_fn>, 'ui_class': <class 'tetris.ui.cli.ui.CLI'>, 'fps': 60, 'score_log_freq': 1000}","Heuristic(sum_of_cell_heights_close_to_top_weight=60.561523163932996, num_distinct_overhangs_weight=18.78185992744782, num_rows_with_overhung_holes_weight=4.7917726988656595, num_overhung_cells_weight=0.6111311457570162, num_overhanging_cells_weight=0.10900951127748809, num_narrow_gaps_weight=19.018866476311302, sum_of_cell_heights_weight=0.045358983549209086, sum_of_adjacent_height_differences_weight=3.189098893662689, close_to_top_threshold=2)","[89, 2530, 5190, 72, 5255, 1928, 3677, 4915, 1816, 1535, 7317, 11612, 1559, 4850, 1379, 5615, 1522, 935, 1004, 3361, 993, 6601, 8396, 2720, 259, 8243, 1672, 2924, 1467, 1988, 57, 3613, 137, 15105, 853, 2303, 3475, 5941, 3034, 3499, 547, 4495, 11514, 2127, 7033, 5471, 274, 3526, 7875, 6214, 3458, 2986, 3596, 9160, 1559, 970, 1516, 5191, 5137, 3031, 2364, 3969, 5040, 1808, 2790, 903, 2723, 4986, 3982, 4048, 170, 791, 484, 495, 73, 2767, 6446, 891, 5243, 2019, 4932, 2059, 2965, 2844, 10626, 255, 142, 5996, 3285, 1105, 1332, 3313, 2703, 326, 699, 1322, 369, 97, 13092, 5698, 1963, 3148, 3955, 3438, 11348, 4300, 2987, 7398, 236, 12585, 1477, 3440, 17449, 5644, 2175, 3112, 14694, 1520, 3444, 5001, 2205, 2366, 8863, 222, 575, 9052, 456, 4906, 3621, 8731, 1758, 454, 3868, 803, 3909, 5710, 85, 840, 7657, 6096, 12043, 8706, 1470, 9191, 493, 1284, 5922, 428, 830, 427, 2679, 1012, 3044, 314, 2499, 6754, 2324, 68, 338, 6163, 1067, 3061, 2486, 4087, 7120, 499, 86, 4201, 373, 17265, 776, 1015, 6969, 2324, 7870, 1673, 3635, 7146, 12851, 1159, 245, 9054, 5321, 9020, 908, 339, 1587, 2843, 5783, 4047, 741, 447, 1474, 4488, 5579, 2304, 2308, 1032, 4325, 839]","{'checkpoint': 'D:\\dev\\python\\tetris_tdd\\src\\tetris\\heuristic_bot_gym\\.checkpoints\\15x10\\finetuning\\2025-02-14_21-08-57_fitness-17454.pkl', 'top_k': 4, 'previous_mean_score': 4527.46, 'previous_median_score': 3158.0, 'previous_max_score': 17624, 'previous_min_score': 93}"
4019.97,3197.5,21619,57,13,200,tetris.heuristic_bot_gym.evaluators.parallel_within_bot.ParallelWithinBotEvaluator,"{'board_size': (15, 10), 'max_evaluation_frames': 1000000, 'block_selection_fn_from_seed': <function SpawnStrategyImpl.truly_random_select_fn>, 'ui_class': <class 'tetris.ui.cli.ui.CLI'>, 'fps': 60, 'score_log_freq': 1000}","Heuristic(sum_of_cell_heights_close_to_top_weight=50.20286312184887, num_distinct_overhangs_weight=15.765193277305839, num_rows_with_overhung_holes_weight=4.480275683157921, num_overhung_cells_weight=0.46789982353757736, num_overhanging_cells_weight=0.08643905748559258, num_narrow_gaps_weight=17.966931862312506, sum_of_cell_heights_weight=0.042248860605561864, sum_of_adjacent_height_differences_weight=3.0562643268153287, close_to_top_threshold=2)","[2858, 3926, 1998, 4732, 833, 3440, 818, 5142, 2204, 7952, 2464, 9973, 1960, 17273, 2628, 2908, 4756, 3772, 3261, 1236, 8153, 3275, 1147, 2568, 4149, 9129, 2894, 2947, 876, 625, 57, 12425, 2184, 7713, 853, 1818, 400, 677, 1592, 7543, 2843, 6051, 7179, 4183, 3755, 8346, 372, 4905, 2080, 903, 4130, 4980, 5599, 5709, 1338, 2374, 7905, 718, 1009, 1592, 5252, 4900, 9994, 1077, 5875, 5373, 7817, 6152, 5768, 2355, 1134, 4294, 2024, 2933, 301, 4562, 73, 3891, 6423, 1804, 6389, 395, 4301, 881, 8409, 7307, 8598, 2293, 6161, 2155, 1153, 588, 5917, 2079, 1215, 935, 3049, 99, 10056, 1093, 3152, 1518, 1034, 1132, 128, 6288, 6037, 7144, 4910, 3173, 2633, 6657, 3853, 3327, 3959, 453, 6442, 2371, 5689, 99, 2242, 16039, 5354, 2527, 3546, 3986, 372, 4688, 1428, 3552, 686, 917, 5960, 5365, 753, 209, 9070, 2836, 383, 3222, 663, 1871, 1741, 7091, 135, 5469, 3539, 1105, 3851, 2732, 499, 5047, 1170, 21619, 899, 5833, 1614, 10272, 4348, 2483, 2389, 7183, 8378, 3300, 6810, 5607, 1525, 1720, 2338, 561, 3713, 9882, 2725, 1574, 19047, 11602, 411, 1314, 10264, 4942, 2614, 3334, 8099, 312, 3589, 487, 6067, 1562, 1822, 1011, 5765, 4227, 8784, 2241, 10598, 4429, 12768, 1048, 3961, 4671]","{'checkpoint': 'D:\\dev\\python\\tetris_tdd\\src\\tetris\\heuristic_bot_gym\\.checkpoints\\15x10\\finetuning\\2025-02-14_22-24-43_fitness-14355.pkl', 'top_k': 2, 'previous_mean_score': 4499.86, 'previous_median_score': 3264.0, 'previous_max_score': 14630, 'previous_min_score': 47}"
3328.58,2316.0,17176,25,13,200,tetris.heuristic_bot_gym.evaluators.parallel_within_bot.ParallelWithinBotEvaluator,"{'board_size': (15, 10), 'max_evaluation_frames': 1000000, 'block_selection_fn_from_seed': <function SpawnStrategyImpl.truly_random_select_fn>, 'ui_class': <class 'tetris.ui.cli.ui.CLI'>, 'fps': 60, 'score_log_freq': 1000}","Heuristic(sum_of_cell_heights_close_to_top_weight=40.30050803102163, num_distinct_overhangs_weight=24.36614075169698, num_rows_with_overhung_holes_weight=4.851299599496616, num_overhung_cells_weight=0.6169639571498898, num_overhanging_cells_weight=0.08722353766609123, num_narrow_gaps_weight=27.07299597244237, sum_of_cell_heights_weight=0.046610439335728476, sum_of_adjacent_height_differences_weight=4.075042494368218, close_to_top_threshold=2)","[150, 3258, 9533, 3396, 1170, 5765, 779, 9034, 1747, 1537, 2237, 409, 1561, 6176, 6622, 2534, 1093, 459, 2004, 2190, 1416, 807, 15972, 5230, 523, 6413, 5612, 2304, 3380, 8687, 6081, 4194, 4310, 6765, 3293, 5000, 603, 3384, 981, 6044, 308, 5125, 5366, 356, 15913, 1471, 4387, 4129, 864, 487, 4364, 2830, 2196, 939, 4460, 2197, 8320, 5195, 4385, 351, 7967, 5996, 201, 1742, 4189, 906, 3524, 5023, 1735, 3686, 3349, 2598, 944, 2743, 62, 8104, 122, 16154, 1125, 75, 1541, 79, 25, 2724, 2170, 1204, 212, 5995, 101, 2709, 1782, 10542, 789, 1534, 358, 1086, 3432, 5473, 3120, 1351, 6260, 1781, 2256, 860, 501, 1511, 187, 3473, 1604, 1688, 3795, 155, 12153, 4759, 3057, 1520, 597, 622, 6883, 921, 685, 1754, 1379, 454, 1551, 673, 8914, 3734, 1920, 1377, 8429, 17176, 320, 2076, 5819, 7482, 5105, 5333, 979, 5029, 2328, 3810, 1269, 6592, 507, 717, 5488, 5137, 1370, 2789, 430, 1748, 2339, 1669, 746, 7450, 80, 8383, 814, 2952, 3108, 1334, 3031, 2656, 3216, 488, 7930, 2469, 6940, 1995, 771, 3226, 5498, 2489, 1026, 443, 8842, 4108, 13278, 4772, 273, 1337, 2612, 1129, 2918, 66, 4817, 1574, 9428, 4527, 1286, 443, 458, 1993, 3272, 81, 8772, 955, 5178, 2819]","{'checkpoint': 'D:\\dev\\python\\tetris_tdd\\src\\tetris\\heuristic_bot_gym\\.checkpoints\\15x10\\2025-02-12_20-46-31_fitness-10733.pkl', 'top_k': 2, 'previous_mean_score': 4475.16, 'previous_median_score': 3008.5, 'previous_max_score': 19373, 'previous_min_score': 230}"
3393.35,2210.5,17368,31,13,200,tetris.heuristic_bot_gym.evaluators.parallel_within_bot.ParallelWithinBotEvaluator,"{'board_size': (15, 10), 'max_evaluation_frames': 1000000, 'block_selection_fn_from_seed': <function SpawnStrategyImpl.truly_random_select_fn>, 'ui_class': <class 'tetris.ui.cli.ui.CLI'>, 'fps': 60, 'score_log_freq': 1000}","Heuristic(sum_of_cell_heights_close_to_top_weight=48.001042588370474, num_distinct_overhangs_weight=17.63211293801826, num_rows_with_overhung_holes_weight=4.103493843593777, num_overhung_cells_weight=0.49577689702127775, num_overhanging_cells_weight=0.07880051214655966, num_narrow_gaps_weight=16.868406488472353, sum_of_cell_heights_weight=0.0567467673097628, sum_of_adjacent_height_differences_weight=3.6514732770515397, close_to_top_threshold=2)","[1429, 17368, 608, 3328, 740, 630, 3317, 109, 962, 1865, 4144, 419, 1070, 4575, 579, 4254, 1508, 2526, 2477, 8245, 1168, 3871, 1063, 8208, 94, 879, 1009, 767, 2057, 1893, 975, 1537, 1062, 2360, 2077, 3589, 490, 3823, 6998, 1626, 5476, 2065, 1468, 4624, 1821, 6911, 1410, 1939, 3316, 904, 242, 890, 592, 1629, 852, 1341, 3604, 3047, 2305, 1668, 869, 1125, 1102, 2155, 12554, 350, 1305, 4560, 109, 8843, 3452, 5488, 1266, 2634, 10449, 6165, 1159, 10984, 2239, 31, 3766, 558, 4310, 439, 1944, 4818, 2134, 1969, 12471, 872, 2149, 4095, 2633, 1840, 1565, 3049, 4344, 5699, 1396, 4948, 727, 5014, 1321, 3322, 4576, 6109, 878, 8690, 6045, 2197, 7299, 1556, 6234, 184, 7911, 2383, 13585, 8125, 171, 8896, 691, 2329, 11988, 1640, 6263, 2224, 2312, 3892, 2100, 237, 406, 474, 791, 6609, 4671, 2326, 1560, 1446, 2413, 2872, 102, 7422, 1865, 15706, 7420, 14333, 92, 2479, 1339, 637, 147, 10897, 4235, 368, 238, 2548, 103, 68, 10711, 193, 3703, 116, 6608, 6774, 6154, 1439, 591, 2496, 433, 6701, 3063, 1021, 1922, 13271, 12286, 204, 7867, 557, 9023, 4866, 3228, 229, 3814, 8281, 3618, 1286, 5151, 5279, 3178, 3999, 602, 1210, 1508, 2237, 656, 4960, 3733, 2858, 5891, 846]","{'checkpoint': 'D:\\dev\\python\\tetris_tdd\\src\\tetris\\heuristic_bot_gym\\.checkpoints\\15x10\\finetuning\\2025-02-14_20-52-56_fitness-11437.pkl', 'top_k': 10, 'previous_mean_score': 4350.66, 'previous_median_score': 4005.5, 'previous_max_score': 13342, 'previous_min_score': 64}"
3619.42,2456.5,31713,23,13,200,tetris.heuristic_bot_gym.evaluators.parallel_within_bot.ParallelWithinBotEvaluator,"{'board_size': (15, 10), 'max_evaluation_frames': 1000000, 'block_selection_fn_from_seed': <function SpawnStrategyImpl.truly_random_select_fn>, 'ui_class': <class 'tetris.ui.cli.ui.CLI'>, 'fps': 60, 'score_log_freq': 1000}","Heuristic(sum_of_cell_heights_close_to_top_weight=49.07077914176868, num_distinct_overhangs_weight=17.744633543510385, num_rows_with_overhung_holes_weight=3.9259191181316013, num_overhung_cells_weight=0.4602530062118976, num_overhanging_cells_weight=0.07842962506415221, num_narrow_gaps_weight=16.08336040712531, sum_of_cell_heights_weight=0.05872854179553649, sum_of_adjacent_height_differences_weight=3.57095748997592, close_to_top_threshold=2)","[7229, 2443, 2216, 6465, 15501, 2396, 837, 109, 698, 172, 318, 426, 397, 334, 1198, 5049, 6119, 1206, 92, 649, 294, 2151, 10620, 10844, 2361, 1999, 3164, 5228, 4448, 2457, 9801, 1928, 1626, 1985, 1700, 5001, 612, 2285, 3430, 31713, 4052, 1355, 2384, 4746, 8224, 4529, 3751, 397, 7529, 1645, 2145, 3791, 3485, 228, 799, 2892, 1596, 4790, 6578, 8033, 2288, 2325, 8046, 1867, 5874, 2243, 8068, 8061, 7163, 2431, 10201, 4328, 411, 4609, 209, 1061, 557, 274, 3621, 23, 3149, 763, 1911, 2166, 280, 3790, 5751, 6848, 391, 186, 2301, 736, 2611, 3007, 291, 5930, 3498, 5794, 3030, 18436, 19534, 2568, 1901, 5205, 655, 1545, 393, 7842, 3073, 300, 359, 8359, 10990, 2370, 563, 444, 804, 3442, 8797, 2517, 1360, 9001, 2927, 3578, 2031, 2633, 400, 772, 2957, 1305, 8137, 3907, 4780, 784, 2845, 292, 2362, 1409, 1726, 6311, 3281, 2594, 1407, 1261, 4079, 2447, 4876, 4265, 3871, 2786, 427, 1306, 6270, 336, 7731, 6698, 103, 3344, 875, 2443, 691, 880, 1183, 2605, 271, 3212, 10616, 4335, 5677, 2470, 1216, 403, 1933, 3080, 271, 2456, 5310, 14918, 8874, 442, 11486, 618, 3126, 2494, 1070, 1759, 16206, 6436, 3182, 1734, 3163, 222, 3441, 2238, 4839, 3023, 1235, 6114, 3240, 858]","{'checkpoint': 'D:\\dev\\python\\tetris_tdd\\src\\tetris\\heuristic_bot_gym\\.checkpoints\\15x10\\finetuning\\2025-02-14_21-08-57_fitness-17454.pkl', 'top_k': 5, 'previous_mean_score': 4093.4, 'previous_median_score': 3838.5, 'previous_max_score': 12354, 'previous_min_score': 139}"
3292.07,2145.5,17799,26,13,200,tetris.heuristic_bot_gym.evaluators.parallel_within_bot.ParallelWithinBotEvaluator,"{'board_size': (15, 10), 'max_evaluation_frames': 1000000, 'block_selection_fn_from_seed': <function SpawnStrategyImpl.truly_random_select_fn>, 'ui_class': <class 'tetris.ui.cli.ui.CLI'>, 'fps': 60, 'score_log_freq': 1000}","Heuristic(sum_of_cell_heights_close_to_top_weight=49.17322635024023, num_distinct_overhangs_weight=18.390196022890805, num_rows_with_overhung_holes_weight=4.004834508273711, num_overhung_cells_weight=0.4788628184857926, num_overhanging_cells_weight=0.0807824352094556, num_narrow_gaps_weight=15.899309169669015, sum_of_cell_heights_weight=0.05661053706683689, sum_of_adjacent_height_differences_weight=3.533057259028878, close_to_top_threshold=2)","[10932, 210, 122, 8773, 5661, 9047, 830, 9300, 1224, 4629, 313, 4492, 2689, 356, 26, 425, 177, 3347, 100, 213, 2476, 5956, 1477, 252, 741, 4986, 3436, 4200, 443, 1783, 9614, 6102, 230, 1063, 5609, 2016, 433, 2135, 7158, 7415, 1372, 1501, 4099, 587, 1008, 1130, 373, 4622, 2790, 706, 2247, 425, 2573, 796, 2486, 551, 605, 292, 7635, 1244, 4896, 4537, 3988, 456, 2789, 7662, 61, 883, 3239, 8614, 14025, 427, 746, 11128, 596, 2952, 7220, 1961, 3622, 347, 1772, 5211, 310, 1015, 3311, 895, 192, 7150, 10549, 6469, 1130, 9480, 1897, 1120, 1361, 10684, 725, 5809, 2999, 2477, 4309, 1343, 9793, 2156, 11548, 7891, 7155, 6327, 5143, 338, 359, 4330, 1198, 2724, 1697, 2370, 2247, 468, 771, 554, 1378, 236, 798, 2157, 1859, 3296, 2432, 6575, 1994, 2801, 405, 450, 1294, 3112, 1147, 237, 2562, 6656, 2780, 2003, 6966, 3571, 2994, 3038, 1587, 10009, 1252, 1039, 4491, 6320, 2539, 5052, 5486, 4561, 1287, 2872, 897, 8132, 330, 2088, 1057, 3594, 992, 241, 7769, 119, 789, 17799, 630, 1461, 660, 420, 3718, 1126, 141, 5673, 504, 12575, 1526, 1296, 1970, 6643, 9263, 9548, 541, 573, 1132, 3241, 3414, 3085, 6465, 1254, 5271, 6155, 1887, 10731, 1245, 975, 2399, 6990]","{'checkpoint': 'D:\\dev\\python\\tetris_tdd\\src\\tetris\\heuristic_bot_gym\\.checkpoints\\15x10\\finetuning\\2025-02-14_22-06-40_fitness-17088.pkl', 'top_k': 10, 'previous_mean_score': 4057.88, 'previous_median_score': 3762.0, 'previous_max_score': 18693, 'previous_min_score': 47}"
4176.015,2627.0,23487,86,13,200,tetris.heuristic_bot_gym.evaluators.parallel_within_bot.ParallelWithinBotEvaluator,"{'board_size': (15, 10), 'max_evaluation_frames': 1000000, 'block_selection_fn_from_seed': <function SpawnStrategyImpl.truly_random_select_fn>, 'ui_class': <class 'tetris.ui.cli.ui.CLI'>, 'fps': 60, 'score_log_freq': 1000}","Heuristic(sum_of_cell_heights_close_to_top_weight=30.494377893251343, num_distinct_overhangs_weight=14.331227053601388, num_rows_with_overhung_holes_weight=5.913994198793289, num_overhung_cells_weight=0.4670343731678636, num_overhanging_cells_weight=0.045368498040503455, num_narrow_gaps_weight=21.21634767411395, sum_of_cell_heights_weight=0.0469870414335846, sum_of_adjacent_height_differences_weight=2.871074098767025, close_to_top_threshold=2)","[589, 8787, 2019, 5087, 752, 1676, 1759, 12876, 3685, 2516, 9210, 421, 3363, 817, 4588, 571, 4421, 6609, 7440, 4979, 3673, 1384, 10922, 3337, 241, 1451, 884, 15250, 13922, 2290, 504, 3862, 1726, 6357, 3779, 3207, 2080, 508, 10776, 1254, 5890, 86, 2746, 12078, 1245, 9037, 3573, 411, 4131, 13227, 7972, 3061, 840, 3383, 276, 7064, 1013, 1500, 2045, 1245, 7964, 6318, 1970, 884, 2990, 9404, 8063, 2860, 7819, 2655, 440, 7369, 9160, 861, 1377, 3555, 144, 4509, 7447, 5950, 561, 2378, 186, 2189, 11929, 21298, 8915, 2209, 108, 198, 8520, 3015, 1880, 679, 1323, 6295, 4321, 6183, 2690, 5913, 1472, 6405, 8098, 2031, 8207, 119, 5846, 22881, 1277, 1452, 2475, 13422, 1783, 1335, 2173, 1352, 2926, 3549, 1524, 5549, 600, 4144, 1326, 9871, 2207, 1473, 2687, 19686, 400, 1175, 2604, 490, 3787, 762, 3134, 23487, 12704, 7757, 6853, 193, 1313, 15783, 2111, 834, 1997, 923, 3986, 7661, 1338, 3656, 4341, 8029, 14445, 227, 1870, 5068, 2726, 3420, 679, 9550, 5254, 1766, 1465, 594, 1977, 1120, 112, 4201, 1259, 519, 175, 7670, 666, 744, 129, 7401, 1380, 3720, 8357, 996, 282, 528, 5708, 215, 740, 3565, 4225, 1481, 9174, 16638, 355, 3708, 542, 4602, 2650, 2364, 2195, 1257, 1026, 2346]","{'checkpoint': 'D:\\dev\\python\\tetris_tdd\\src\\tetris\\heuristic_bot_gym\\.checkpoints\\15x10\\finetuning\\2025-02-14_20-13-33_fitness-11619.pkl', 'top_k': 7, 'previous_mean_score': 4144.24, 'previous_median_score': 3691.0, 'previous_max_score': 15698, 'previous_min_score': 158}"
3661.12,2673.5,20161,61,13,200,tetris.heuristic_bot_gym.evaluators.parallel_within_bot.ParallelWithinBotEvaluator,"{'board_size': (15, 10), 'max_evaluation_frames': 1000000, 'block_selection_fn_from_seed': <function SpawnStrategyImpl.truly_random_select_fn>, 'ui_class': <class 'tetris.ui.cli.ui.CLI'>, 'fps': 60, 'score_log_freq': 1000}","Heuristic(sum_of_cell_heights_close_to_top_weight=43.97549191369389, num_distinct_overhangs_weight=19.37154665142913, num_rows_with_overhung_holes_weight=6.088853162790738, num_overhung_cells_weight=0.5228111795386121, num_overhanging_cells_weight=0.053311830174484896, num_narrow_gaps_weight=21.16912267730407, sum_of_cell_heights_weight=0.05732223446916727, sum_of_adjacent_height_differences_weight=3.889473555020208, close_to_top_threshold=2)","[302, 656, 8062, 2187, 3832, 1984, 641, 11454, 2884, 5649, 1954, 5765, 6001, 13787, 4242, 2750, 1431, 8820, 2110, 5528, 1034, 932, 5685, 704, 318, 2979, 1847, 628, 4765, 6484, 774, 12499, 1587, 2272, 5418, 13946, 1315, 4403, 584, 4985, 4435, 4538, 5080, 2173, 4982, 20161, 377, 9758, 979, 4602, 1257, 3232, 9863, 2969, 1125, 14827, 803, 4019, 2555, 8037, 3877, 5995, 565, 1138, 2717, 296, 2715, 12235, 3252, 2642, 1008, 5383, 4520, 9921, 61, 3089, 1231, 6987, 163, 2432, 4802, 375, 973, 6370, 2842, 3049, 1167, 8980, 114, 150, 6660, 3948, 6392, 494, 950, 3301, 91, 6919, 3892, 12216, 3003, 2918, 1803, 1154, 7223, 4831, 4706, 1965, 4282, 2639, 4193, 8057, 2774, 313, 2175, 447, 2245, 1135, 15731, 2435, 5658, 776, 1621, 4544, 946, 10569, 171, 1795, 3197, 556, 848, 10938, 1293, 2409, 2775, 2865, 2027, 2925, 5132, 1146, 73, 1422, 4757, 564, 1610, 730, 115, 911, 1088, 432, 6588, 2263, 4016, 10605, 1840, 2557, 2833, 1191, 4830, 1825, 1354, 1334, 3776, 2657, 7301, 20086, 1331, 5804, 3733, 2470, 750, 1022, 665, 3899, 1709, 5677, 8357, 1563, 9037, 444, 286, 1327, 7042, 4246, 612, 2690, 6065, 3406, 1429, 4581, 3286, 415, 2253, 1048, 1306, 3913, 1502, 959, 763, 2774]","{'checkpoint': 'D:\\dev\\python\\tetris_tdd\\src\\tetris\\heuristic_bot_gym\\.checkpoints\\15x10\\finetuning\\2025-02-14_19-52-53_fitness-13284.pkl', 'top_k': 6, 'previous_mean_score': 4264.5, 'previous_median_score': 3666.5, 'previous_max_score': 15740, 'previous_min_score': 47}"
3595.88,2668.5,14413,57,13,200,tetris.heuristic_bot_gym.evaluators.parallel_within_bot.ParallelWithinBotEvaluator,"{'board_size': (15, 10), 'max_evaluation_frames': 1000000, 'block_selection_fn_from_seed': <function SpawnStrategyImpl.truly_random_select_fn>, 'ui_class': <class 'tetris.ui.cli.ui.CLI'>, 'fps': 60, 'score_log_freq': 1000}","Heuristic(sum_of_cell_heights_close_to_top_weight=47.709697485386556, num_distinct_overhangs_weight=17.292453269588403, num_rows_with_overhung_holes_weight=4.759171168493571, num_overhung_cells_weight=0.45745733377887743, num_overhanging_cells_weight=0.09268032825890132, num_narrow_gaps_weight=18.592423324979592, sum_of_cell_heights_weight=0.04131931528977326, sum_of_adjacent_height_differences_weight=3.0302214439337507, close_to_top_threshold=2)","[7325, 2530, 603, 2807, 1603, 799, 3722, 5564, 774, 3293, 1214, 2415, 6365, 7387, 919, 2704, 188, 1566, 3143, 10777, 1173, 2217, 9404, 692, 259, 12293, 1842, 637, 9459, 5846, 57, 2078, 137, 1584, 876, 1026, 2369, 7180, 566, 108, 1946, 6888, 2757, 587, 6617, 224, 2439, 3468, 2209, 1409, 1124, 7171, 3738, 6559, 1514, 5072, 1011, 13085, 8402, 299, 1971, 8138, 2767, 3340, 288, 2668, 3435, 3039, 3681, 13430, 2981, 2176, 6172, 6480, 73, 3462, 2092, 2669, 4965, 5756, 2134, 3182, 14413, 6576, 13561, 3062, 1181, 1395, 6285, 2714, 10872, 1955, 171, 549, 713, 2225, 5712, 99, 3867, 5710, 1902, 4316, 3193, 5780, 4618, 1723, 817, 8122, 236, 871, 565, 2716, 5716, 1744, 10218, 6483, 6144, 12578, 6352, 1017, 720, 5762, 1374, 2299, 6499, 4818, 500, 10170, 1986, 927, 2997, 454, 4069, 660, 443, 3474, 2565, 4896, 4168, 3330, 7046, 13324, 1472, 3041, 493, 738, 735, 2408, 3011, 3114, 3442, 3200, 2362, 2301, 7708, 1168, 4072, 68, 2054, 6091, 1019, 2691, 1080, 5624, 7458, 499, 86, 2471, 2420, 2656, 1757, 837, 6982, 6444, 3243, 3438, 1474, 2481, 13977, 2295, 817, 977, 1674, 2909, 1657, 13496, 1217, 4315, 4640, 8206, 4701, 1151, 1417, 2753, 1873, 3732, 3740, 576, 2664, 4680]","{'checkpoint': 'D:\\dev\\python\\tetris_tdd\\src\\tetris\\heuristic_bot_gym\\.checkpoints\\15x10\\finetuning\\2025-02-14_19-09-55_fitness-16687.pkl', 'top_k': 1, 'previous_mean_score': 4095.06, 'previous_median_score': 3590.0, 'previous_max_score': 24331, 'previous_min_score': 91}"
3878.755,2812.5,18752,34,13,200,tetris.heuristic_bot_gym.evaluators.parallel_within_bot.ParallelWithinBotEvaluator,"{'board_size': (15, 10), 'max_evaluation_frames': 1000000, 'block_selection_fn_from_seed': <function SpawnStrategyImpl.truly_random_select_fn>, 'ui_class': <class 'tetris.ui.cli.ui.CLI'>, 'fps': 60, 'score_log_freq': 1000}","Heuristic(sum_of_cell_heights_close_to_top_weight=12.069259284424822, num_distinct_overhangs_weight=19.871501722308555, num_rows_with_overhung_holes_weight=10.440276320876798, num_overhung_cells_weight=0.015764188115306083, num_overhanging_cells_weight=0.050782497393198664, num_narrow_gaps_weight=29.5941291657172, sum_of_cell_heights_weight=0.05500144725662171, sum_of_adjacent_height_differences_weight=3.898092655213911, close_to_top_threshold=3)","[8425, 3758, 8149, 2815, 7778, 4990, 1515, 9312, 843, 3845, 7453, 1861, 285, 1785, 10110, 150, 2775, 3638, 2003, 4006, 9240, 1325, 2331, 3201, 924, 4075, 3161, 178, 279, 1637, 4606, 11500, 4337, 7231, 1439, 698, 1817, 2128, 5474, 4512, 3693, 2897, 1343, 472, 15271, 2033, 299, 1771, 3384, 230, 3527, 11246, 18752, 6863, 3068, 11188, 6009, 2722, 4299, 305, 2752, 925, 2549, 3797, 3862, 1764, 2838, 2868, 7028, 382, 10775, 958, 356, 13304, 75, 1055, 9510, 1694, 1273, 3889, 545, 1738, 4744, 1709, 4032, 7141, 6824, 6392, 327, 5949, 2579, 992, 4126, 520, 809, 6763, 2053, 2436, 2999, 8358, 753, 3736, 7753, 3052, 7283, 8413, 423, 6645, 2810, 3078, 2118, 483, 2552, 785, 2178, 3138, 2818, 1589, 208, 345, 2209, 2379, 2909, 221, 1528, 4838, 6180, 7670, 3227, 1661, 2638, 402, 2845, 2074, 1682, 2605, 374, 943, 13977, 5006, 663, 3405, 286, 812, 501, 777, 6356, 6317, 840, 637, 7058, 2184, 5424, 190, 1025, 2477, 13599, 11096, 4544, 14086, 9591, 4572, 4297, 581, 1798, 3236, 93, 2492, 34, 2480, 13676, 3126, 1257, 2905, 285, 1523, 863, 10050, 4832, 136, 1997, 7074, 5525, 5078, 3780, 1241, 9077, 8876, 16532, 6812, 7227, 231, 1481, 2082, 606, 2314, 2275, 7235, 7206, 5819]","{'checkpoint': 'D:\\dev\\python\\tetris_tdd\\src\\tetris\\heuristic_bot_gym\\.checkpoints\\15x10\\finetuning\\2025-02-14_20-13-33_fitness-11619.pkl', 'top_k': 6, 'previous_mean_score': 4449.74, 'previous_median_score': 3587.0, 'previous_max_score': 18904, 'previous_min_score': 70}"
3364.805,2210.0,15963,15,13,200,tetris.heuristic_bot_gym.evaluators.parallel_within_bot.ParallelWithinBotEvaluator,"{'board_size': (15, 10), 'max_evaluation_frames': 1000000, 'block_selection_fn_from_seed': <function SpawnStrategyImpl.truly_random_select_fn>, 'ui_class': <class 'tetris.ui.cli.ui.CLI'>, 'fps': 60, 'score_log_freq': 1000}","Heuristic(sum_of_cell_heights_close_to_top_weight=45.567201573929374, num_distinct_overhangs_weight=17.01176261863066, num_rows_with_overhung_holes_weight=4.776304760887187, num_overhung_cells_weight=0.46145568833569844, num_overhanging_cells_weight=0.09450311048397685, num_narrow_gaps_weight=19.301712211865844, sum_of_cell_heights_weight=0.041158859139272454, sum_of_adjacent_height_differences_weight=2.8725217793928337, close_to_top_threshold=2)","[8355, 777, 5331, 128, 2060, 1274, 1092, 600, 3793, 2182, 318, 7883, 12343, 4520, 3300, 2719, 1502, 3645, 681, 349, 4512, 2254, 3175, 561, 259, 6725, 7679, 4968, 5307, 2327, 57, 2090, 145, 710, 782, 1818, 596, 6420, 1971, 108, 547, 15, 10343, 5863, 1818, 4545, 2439, 2087, 591, 919, 2129, 1739, 6313, 3342, 832, 1888, 4155, 4722, 5591, 1849, 545, 2349, 5403, 1088, 2800, 2012, 4606, 471, 1814, 8280, 5341, 7370, 1265, 1270, 73, 5735, 69, 4506, 7481, 234, 443, 571, 6165, 2670, 2803, 1207, 1191, 1633, 10715, 2708, 534, 2869, 1896, 5984, 1490, 1465, 369, 99, 1459, 1553, 7489, 2887, 1031, 2079, 1234, 1623, 1279, 7848, 236, 12909, 676, 9269, 4311, 3797, 6462, 1359, 13425, 1373, 2108, 1017, 683, 5542, 1292, 2099, 956, 976, 1969, 711, 8292, 3561, 441, 1590, 1442, 2073, 220, 8107, 2387, 1866, 9195, 3404, 2477, 7657, 1249, 5477, 1212, 4497, 7657, 711, 3314, 8368, 1909, 15963, 6095, 3110, 9736, 1065, 4482, 68, 337, 3576, 5836, 6661, 6637, 2657, 6075, 499, 86, 272, 2388, 10292, 4648, 415, 11308, 10664, 4238, 10408, 2303, 11280, 8120, 3062, 2023, 963, 1865, 1304, 1606, 339, 4410, 3405, 2383, 1642, 2493, 1050, 2365, 2238, 2466, 4429, 4360, 6814, 2370, 830]","{'checkpoint': 'D:\\dev\\python\\tetris_tdd\\src\\tetris\\heuristic_bot_gym\\.checkpoints\\15x10\\finetuning\\2025-02-14_22-06-40_fitness-17088.pkl', 'top_k': 2, 'previous_mean_score': 4178.52, 'previous_median_score': 3526.0, 'previous_max_score': 16264, 'previous_min_score': 116}"
3534.005,2385.5,19745,27,13,200,tetris.heuristic_bot_gym.evaluators.parallel_within_bot.ParallelWithinBotEvaluator,"{'board_size': (15, 10), 'max_evaluation_frames': 1000000, 'block_selection_fn_from_seed': <function SpawnStrategyImpl.truly_random_select_fn>, 'ui_class': <class 'tetris.ui.cli.ui.CLI'>, 'fps': 60, 'score_log_freq': 1000}","Heuristic(sum_of_cell_heights_close_to_top_weight=46.16047579594711, num_distinct_overhangs_weight=16.687798647778386, num_rows_with_overhung_holes_weight=6.452925886030805, num_overhung_cells_weight=0.513748960503242, num_overhanging_cells_weight=0.03750795979104746, num_narrow_gaps_weight=17.484555232039764, sum_of_cell_heights_weight=0.059441828658238105, sum_of_adjacent_height_differences_weight=3.8801345170094756, close_to_top_threshold=2)","[6840, 1895, 5337, 142, 740, 687, 2352, 203, 708, 5929, 3609, 231, 3564, 1155, 3962, 4618, 4759, 842, 4605, 4280, 3997, 3858, 8348, 6191, 284, 379, 5372, 769, 3169, 3081, 296, 2074, 2587, 9372, 6463, 468, 11204, 3811, 561, 2269, 4019, 2398, 555, 749, 1735, 4529, 13642, 4297, 27, 12471, 10258, 3523, 5795, 3142, 282, 5206, 7237, 105, 6561, 1246, 103, 7714, 3094, 4572, 8330, 8062, 6343, 3573, 8033, 176, 2194, 295, 300, 4614, 66, 2018, 2073, 1936, 1892, 8092, 2551, 1742, 4786, 9522, 2170, 7288, 677, 19745, 147, 417, 4901, 2808, 318, 2150, 15001, 6305, 908, 98, 48, 482, 4453, 939, 399, 6678, 1418, 1632, 9102, 6094, 1250, 1685, 4482, 2726, 2199, 3798, 1752, 442, 1474, 1401, 42, 1011, 688, 9201, 369, 253, 5263, 1542, 174, 8349, 3188, 246, 397, 3656, 1354, 16570, 1568, 2318, 358, 2375, 890, 1382, 1387, 44, 3554, 6290, 771, 3130, 5220, 4931, 7188, 4038, 438, 189, 6243, 311, 19489, 5319, 1379, 1306, 2348, 1207, 2387, 940, 4599, 241, 11384, 3158, 5983, 6050, 393, 2164, 2532, 577, 324, 879, 1039, 8256, 204, 8130, 5834, 2061, 2382, 7438, 3865, 9749, 8902, 1287, 3464, 4216, 659, 3966, 2487, 5592, 1504, 2360, 5573, 2384, 285, 4615, 2939, 3767]","{'checkpoint': 'D:\\dev\\python\\tetris_tdd\\src\\tetris\\heuristic_bot_gym\\.checkpoints\\15x10\\2025-02-13_22-07-40_fitness-14640.pkl', 'top_k': 5, 'previous_mean_score': 3586.36, 'previous_median_score': 2165.5, 'previous_max_score': 39991, 'previous_min_score': 25}"
4138.215,2528.0,20431,62,13,200,tetris.heuristic_bot_gym.evaluators.parallel_within_bot.ParallelWithinBotEvaluator,"{'board_size': (15, 10), 'max_evaluation_frames': 1000000, 'block_selection_fn_from_seed': <function SpawnStrategyImpl.truly_random_select_fn>, 'ui_class': <class 'tetris.ui.cli.ui.CLI'>, 'fps': 60, 'score_log_freq': 1000}","Heuristic(sum_of_cell_heights_close_to_top_weight=44.93073843796585, num_distinct_overhangs_weight=18.924677317522555, num_rows_with_overhung_holes_weight=6.250367671190471, num_overhung_cells_weight=0.5173344896319398, num_overhanging_cells_weight=0.05245755320325902, num_narrow_gaps_weight=21.676562378827274, sum_of_cell_heights_weight=0.05514959443576331, sum_of_adjacent_height_differences_weight=3.959121383459941, close_to_top_threshold=2)","[4194, 782, 11182, 9930, 257, 1877, 2562, 2606, 16313, 2404, 1978, 419, 4539, 2204, 2746, 1301, 1974, 4911, 630, 6057, 6291, 10934, 4412, 2618, 274, 9135, 13466, 2031, 13392, 1882, 2172, 194, 1062, 8212, 458, 586, 6477, 3764, 1365, 1930, 1618, 2153, 5365, 592, 2549, 6436, 13480, 2167, 4730, 520, 254, 1764, 1687, 5921, 688, 1927, 634, 19931, 8173, 156, 7558, 331, 3920, 640, 6625, 6151, 4709, 5009, 2171, 7048, 6543, 10874, 2535, 4635, 62, 1543, 2657, 8260, 1878, 2299, 7287, 3028, 13626, 9488, 2841, 4422, 1435, 1050, 1741, 1657, 2224, 1667, 20431, 2155, 721, 1724, 91, 5285, 2134, 8892, 3023, 6241, 1587, 921, 4043, 1589, 1457, 7049, 1445, 293, 5177, 885, 2797, 2521, 3633, 2011, 601, 1720, 10816, 1018, 2210, 561, 2910, 9473, 5388, 621, 3707, 3810, 575, 922, 4556, 1685, 5391, 2679, 7436, 248, 2290, 11747, 2536, 20368, 10129, 7080, 1411, 834, 2891, 4436, 115, 2009, 4488, 12259, 957, 3907, 4013, 305, 3463, 7956, 251, 9076, 2732, 2089, 1009, 10111, 13177, 8585, 2539, 908, 809, 8121, 2340, 4557, 4986, 4756, 1937, 1924, 1512, 4470, 9400, 597, 1676, 5151, 1364, 1854, 14339, 1208, 1069, 1311, 9559, 5924, 1360, 9043, 877, 2301, 1473, 1835, 2169, 2238, 15273, 4170, 2162, 3595]","{'checkpoint': 'D:\\dev\\python\\tetris_tdd\\src\\tetris\\heuristic_bot_gym\\.checkpoints\\15x10\\finetuning\\2025-02-14_19-52-53_fitness-13284.pkl', 'top_k': 8, 'previous_mean_score': 3471.34, 'previous_median_score': 1942.5, 'previous_max_score': 33323, 'previous_min_score': 40}"
3889.785,2632.0,24944,55,13,200,tetris.heuristic_bot_gym.evaluators.parallel_within_bot.ParallelWithinBotEvaluator,"{'board_size': (15, 10), 'max_evaluation_frames': 1000000, 'block_selection_fn_from_seed': <function SpawnStrategyImpl.truly_random_select_fn>, 'ui_class': <class 'tetris.ui.cli.ui.CLI'>, 'fps': 60, 'score_log_freq': 1000}","Heuristic(sum_of_cell_heights_close_to_top_weight=30.93274614843279, num_distinct_overhangs_weight=14.432841298601952, num_rows_with_overhung_holes_weight=5.97716763515832, num_overhung_cells_weight=0.474285564045992, num_overhanging_cells_weight=0.046436112895032224, num_narrow_gaps_weight=20.426433253627113, sum_of_cell_heights_weight=0.04814901322572335, sum_of_adjacent_height_differences_weight=2.8257982838499394, close_to_top_threshold=2)","[2278, 1189, 9109, 114, 4300, 1244, 61, 9618, 1762, 5051, 13553, 886, 3966, 495, 3623, 213, 6962, 1114, 1004, 6119, 494, 14453, 2338, 2550, 291, 924, 2768, 2293, 1116, 7250, 1923, 3596, 6016, 666, 882, 1020, 9206, 5658, 8359, 3265, 299, 106, 7499, 15174, 10126, 1836, 6290, 402, 10855, 147, 5774, 9274, 3208, 3158, 276, 20274, 1173, 1000, 4217, 4388, 12376, 1204, 716, 678, 2248, 1813, 3866, 8060, 651, 547, 2205, 7680, 4711, 20163, 3705, 530, 1175, 1705, 6843, 3093, 2883, 1874, 8928, 885, 2789, 2709, 1682, 1084, 102, 1670, 3603, 2988, 55, 553, 24944, 5489, 3496, 268, 4988, 4893, 5238, 535, 1083, 2010, 6429, 6284, 8211, 2692, 4916, 673, 1309, 3712, 6830, 1521, 564, 2149, 591, 2763, 2774, 9375, 4755, 347, 877, 60, 1868, 2623, 3239, 71, 1312, 6376, 1948, 2641, 323, 4147, 11901, 2708, 2894, 1514, 2348, 8883, 1211, 159, 473, 1251, 1017, 11090, 719, 3919, 1636, 6981, 1899, 4374, 9617, 4576, 697, 8123, 3606, 964, 3521, 3228, 2462, 13583, 4073, 11725, 946, 1270, 112, 8664, 4551, 10561, 175, 279, 660, 11293, 141, 3405, 1675, 3419, 2391, 8537, 282, 3674, 1783, 6916, 527, 735, 1715, 4469, 197, 1282, 57, 1731, 5427, 7999, 1977, 13119, 3702, 4498, 11741, 3592]","{'checkpoint': 'D:\\dev\\python\\tetris_tdd\\src\\tetris\\heuristic_bot_gym\\.checkpoints\\15x10\\finetuning\\2025-02-14_18-32-06_fitness-18837.pkl', 'top_k': 9, 'previous_mean_score': 4427.44, 'previous_median_score': 2919.0, 'previous_max_score': 31005, 'previous_min_score': 159}"
4146.635,2814.5,20022,57,13,200,tetris.heuristic_bot_gym.evaluators.parallel_within_bot.ParallelWithinBotEvaluator,"{'board_size': (15, 10), 'max_evaluation_frames': 1000000, 'block_selection_fn_from_seed': <function SpawnStrategyImpl.truly_random_select_fn>, 'ui_class': <class 'tetris.ui.cli.ui.CLI'>, 'fps': 60, 'score_log_freq': 1000}","Heuristic(sum_of_cell_heights_close_to_top_weight=48.72785416733372, num_distinct_overhangs_weight=15.985873597043593, num_rows_with_overhung_holes_weight=4.5872615517690605, num_overhung_cells_weight=0.46067147082386045, num_overhanging_cells_weight=0.08727057446522464, num_narrow_gaps_weight=17.69832582250604, sum_of_cell_heights_weight=0.04269772161041307, sum_of_adjacent_height_differences_weight=3.063412793854134, close_to_top_threshold=2)","[9641, 4716, 2432, 2121, 10784, 8858, 1095, 20022, 300, 1183, 2869, 10414, 2759, 1792, 839, 652, 12367, 4824, 5025, 368, 8240, 13006, 3574, 3070, 9358, 5791, 3284, 2895, 3951, 3231, 57, 3336, 2184, 3134, 240, 1727, 1554, 691, 1592, 2803, 5874, 9856, 8996, 2848, 412, 2353, 372, 407, 5589, 1082, 11994, 6486, 1012, 894, 14414, 2171, 6006, 3999, 1467, 1853, 1657, 1409, 1154, 8365, 2783, 8267, 2659, 3405, 3253, 10706, 890, 1924, 6673, 2684, 66, 3065, 1173, 8379, 4959, 8747, 6609, 4351, 1755, 607, 9739, 6863, 1169, 2820, 9149, 1682, 2704, 4921, 986, 1541, 5645, 9935, 12915, 99, 2507, 3242, 3000, 2916, 5773, 3535, 128, 4199, 6885, 3718, 4866, 5102, 930, 1082, 6841, 558, 6312, 453, 600, 14653, 2168, 181, 599, 6456, 571, 6914, 2936, 2630, 698, 7666, 2525, 1173, 17504, 917, 6438, 6307, 12533, 4098, 1610, 7042, 383, 641, 100, 2606, 2711, 850, 135, 9287, 15622, 2240, 7197, 11353, 438, 994, 1657, 3814, 1370, 6698, 2196, 68, 3403, 4155, 1071, 6963, 2750, 6341, 1484, 2184, 2809, 1784, 1199, 641, 3009, 13317, 1239, 2571, 2333, 1111, 1389, 3111, 9900, 4892, 399, 13545, 1866, 974, 2765, 1288, 15680, 1562, 7453, 161, 3297, 5019, 4480, 1994, 910, 3020, 3520, 841, 9891, 3808]","{'checkpoint': 'D:\\dev\\python\\tetris_tdd\\src\\tetris\\heuristic_bot_gym\\.checkpoints\\15x10\\finetuning\\2025-02-14_22-06-40_fitness-17088.pkl', 'top_k': 9, 'previous_mean_score': 4076.92, 'previous_median_score': 2760.0, 'previous_max_score': 28702, 'previous_min_score': 47}"
3733.26,2539.0,18089,57,13,200,tetris.heuristic_bot_gym.evaluators.parallel_within_bot.ParallelWithinBotEvaluator,"{'board_size': (15, 10), 'max_evaluation_frames': 1000000, 'block_selection_fn_from_seed': <function SpawnStrategyImpl.truly_random_select_fn>, 'ui_class': <class 'tetris.ui.cli.ui.CLI'>, 'fps': 60, 'score_log_freq': 1000}","Heuristic(sum_of_cell_heights_close_to_top_weight=58.897130112035995, num_distinct_overhangs_weight=19.888015943315953, num_rows_with_overhung_holes_weight=4.819518615613139, num_overhung_cells_weight=0.6207654620573956, num_overhanging_cells_weight=0.11115088252634651, num_narrow_gaps_weight=19.329068354374588, sum_of_cell_heights_weight=0.04511502706371675, sum_of_adjacent_height_differences_weight=3.2380832119213303, close_to_top_threshold=2)","[89, 10289, 2724, 72, 8787, 3740, 1100, 7397, 1816, 621, 11233, 9975, 280, 4928, 2917, 5912, 5818, 13074, 5374, 651, 6042, 2254, 1505, 321, 259, 1591, 7669, 4968, 9316, 412, 57, 1964, 145, 12546, 886, 2213, 370, 8073, 1590, 1461, 2650, 5548, 807, 1399, 750, 741, 11629, 5682, 4122, 2348, 8082, 2170, 3848, 1372, 838, 5203, 2676, 3521, 5163, 1869, 4951, 3533, 220, 4438, 2867, 2105, 7847, 3614, 2211, 1197, 172, 2931, 1417, 3533, 73, 8174, 1869, 2422, 2135, 7906, 3763, 721, 6171, 4028, 5597, 900, 2129, 6003, 14100, 1999, 534, 1661, 1897, 1375, 2557, 7813, 17153, 97, 403, 1861, 846, 1110, 11542, 1395, 12476, 4500, 884, 14088, 860, 9902, 5343, 1161, 3847, 6309, 3564, 442, 2609, 1252, 254, 1040, 3516, 17420, 799, 440, 6202, 2358, 5966, 5246, 8745, 691, 2224, 1717, 1762, 6040, 68, 8059, 85, 1639, 3061, 10817, 4127, 1595, 4763, 274, 2562, 332, 2111, 542, 821, 431, 4952, 18089, 1678, 499, 1329, 9203, 814, 68, 1475, 3565, 5215, 3274, 1215, 2111, 7694, 6332, 86, 7033, 3608, 5484, 6912, 225, 9466, 2936, 3270, 1900, 4955, 1616, 2521, 3521, 4620, 5187, 3530, 2489, 1608, 339, 1217, 2607, 3075, 6188, 3608, 1050, 540, 7356, 7787, 2457, 1111, 1710, 3252, 2804]","{'checkpoint': 'D:\\dev\\python\\tetris_tdd\\src\\tetris\\heuristic_bot_gym\\.checkpoints\\15x10\\finetuning\\2025-02-14_19-52-53_fitness-13284.pkl', 'top_k': 5, 'previous_mean_score': 4052.1, 'previous_median_score': 2071.5, 'previous_max_score': 27718, 'previous_min_score': 55}"
3359.14,2249.0,20060,34,13,200,tetris.heuristic_bot_gym.evaluators.parallel_within_bot.ParallelWithinBotEvaluator,"{'board_size': (15, 10), 'max_evaluation_frames': 1000000, 'block_selection_fn_from_seed': <function SpawnStrategyImpl.truly_random_select_fn>, 'ui_class': <class 'tetris.ui.cli.ui.CLI'>, 'fps': 60, 'score_log_freq': 1000}","Heuristic(sum_of_cell_heights_close_to_top_weight=11.83345052125309, num_distinct_overhangs_weight=19.501208746556326, num_rows_with_overhung_holes_weight=11.252079782280534, num_overhung_cells_weight=0.015702479480584394, num_overhanging_cells_weight=0.05051207210462148, num_narrow_gaps_weight=29.86357109970576, sum_of_cell_heights_weight=0.054012181175808194, sum_of_adjacent_height_differences_weight=3.8954607597605433, close_to_top_threshold=3)","[5148, 4773, 568, 2904, 1095, 1898, 1586, 1474, 843, 2163, 1225, 4470, 285, 13545, 2744, 150, 1703, 1506, 3521, 7676, 3679, 677, 7881, 1698, 364, 985, 5725, 181, 279, 1970, 5097, 6089, 9473, 1575, 5582, 7348, 5659, 6242, 3385, 1209, 1236, 2989, 1854, 1868, 4805, 5823, 921, 425, 1483, 6216, 2186, 2173, 3532, 7809, 830, 2622, 1873, 2193, 11504, 305, 7335, 925, 5744, 13775, 2639, 2369, 4249, 202, 3828, 571, 3184, 4097, 4904, 2663, 3226, 2298, 9452, 1823, 3873, 1809, 1130, 389, 4310, 464, 3786, 6917, 1434, 3894, 4282, 6579, 559, 992, 19366, 520, 1736, 1016, 898, 938, 16534, 4113, 3548, 1693, 2257, 1123, 5532, 2617, 5767, 703, 1841, 3152, 1134, 483, 875, 4647, 562, 1347, 2109, 470, 238, 345, 2389, 3478, 1616, 221, 3272, 1527, 4625, 4611, 2092, 20060, 10129, 402, 319, 784, 3052, 5804, 2814, 3086, 5065, 1455, 847, 301, 620, 6678, 6772, 7207, 1566, 2241, 840, 2272, 2078, 4359, 8904, 190, 1611, 1786, 1117, 896, 9897, 16981, 2271, 1946, 3964, 1151, 5814, 1653, 93, 2371, 34, 877, 137, 2208, 1267, 4158, 3714, 3563, 1811, 6635, 9100, 427, 567, 1300, 2470, 1598, 2768, 2265, 5083, 2581, 3769, 9755, 5191, 231, 990, 4367, 5168, 2919, 10622, 565, 5020, 1153]","{'checkpoint': 'D:\\dev\\python\\tetris_tdd\\src\\tetris\\heuristic_bot_gym\\.checkpoints\\15x10\\finetuning\\2025-02-14_19-30-47_fitness-16693.pkl', 'top_k': 2, 'previous_mean_score': 4085.64, 'previous_median_score': 2682.5, 'previous_max_score': 25497, 'previous_min_score': 70}"
3903.98,2595.0,24643,61,13,200,tetris.heuristic_bot_gym.evaluators.parallel_within_bot.ParallelWithinBotEvaluator,"{'board_size': (15, 10), 'max_evaluation_frames': 1000000, 'block_selection_fn_from_seed': <function SpawnStrategyImpl.truly_random_select_fn>, 'ui_class': <class 'tetris.ui.cli.ui.CLI'>, 'fps': 60, 'score_log_freq': 1000}","Heuristic(sum_of_cell_heights_close_to_top_weight=41.067667919198364, num_distinct_overhangs_weight=21.00078143823611, num_rows_with_overhung_holes_weight=6.535776074086799, num_overhung_cells_weight=0.5050729459956336, num_overhanging_cells_weight=0.054398263247064746, num_narrow_gaps_weight=21.479595978792045, sum_of_cell_heights_weight=0.058271071841517814, sum_of_adjacent_height_differences_weight=4.261195344684405, close_to_top_threshold=2)","[6550, 3901, 2221, 113, 2304, 770, 1064, 3320, 5750, 3772, 9826, 2349, 1782, 6027, 1745, 3037, 6188, 1233, 7243, 2044, 3672, 3337, 1715, 5779, 3536, 8619, 8028, 628, 3947, 1315, 5095, 3201, 919, 3027, 1708, 2215, 9371, 3764, 1593, 2312, 4353, 2478, 1049, 2155, 6882, 2576, 381, 5651, 9827, 1412, 2151, 15299, 699, 3140, 470, 2971, 6689, 10607, 2156, 156, 8003, 1900, 565, 2025, 20797, 296, 6317, 1559, 16027, 9090, 1507, 483, 24643, 13321, 61, 1797, 2717, 6288, 163, 8416, 1002, 6059, 5837, 1015, 8394, 4776, 17262, 960, 3459, 150, 668, 4109, 7905, 2145, 6981, 2143, 900, 3909, 7161, 2999, 6996, 2910, 3677, 3120, 216, 5281, 475, 573, 312, 293, 8289, 886, 2774, 568, 1804, 259, 2100, 1865, 6349, 2435, 2212, 4908, 678, 392, 3537, 2627, 2354, 3161, 4072, 556, 400, 14231, 1194, 4240, 349, 634, 11115, 903, 1016, 4894, 73, 3419, 9733, 1651, 3140, 811, 115, 1754, 836, 753, 3977, 1805, 3506, 6566, 978, 2442, 2955, 694, 1290, 4155, 4981, 3971, 2748, 2504, 1215, 681, 2421, 3594, 21394, 1135, 1213, 1927, 4031, 9724, 1510, 4322, 987, 3430, 3864, 3596, 2614, 1074, 4262, 15093, 3619, 1190, 4889, 11515, 777, 1031, 2085, 624, 1528, 2081, 10597, 3913, 14841, 7658, 6076, 842]","{'checkpoint': 'D:\\dev\\python\\tetris_tdd\\src\\tetris\\heuristic_bot_gym\\.checkpoints\\15x10\\finetuning\\2025-02-14_21-29-15_fitness-11822.pkl', 'top_k': 10, 'previous_mean_score': 3737.9, 'previous_median_score': 2718.5, 'previous_max_score': 24744, 'previous_min_score': 47}"
2361.945,1525.0,16587,39,13,200,tetris.heuristic_bot_gym.evaluators.parallel_within_bot.ParallelWithinBotEvaluator,"{'board_size': (15, 10), 'max_evaluation_frames': 1000000, 'block_selection_fn_from_seed': <function SpawnStrategyImpl.truly_random_select_fn>, 'ui_class': <class 'tetris.ui.cli.ui.CLI'>, 'fps': 60, 'score_log_freq': 1000}","Heuristic(sum_of_cell_heights_close_to_top_weight=34.61343110842634, num_distinct_overhangs_weight=18.174693535325098, num_rows_with_overhung_holes_weight=4.925180937650598, num_overhung_cells_weight=0.22281809347021467, num_overhanging_cells_weight=0.10383641349005258, num_narrow_gaps_weight=14.760642298359535, sum_of_cell_heights_weight=0.04155279027230664, sum_of_adjacent_height_differences_weight=4.085859126940555, close_to_top_threshold=2)","[367, 79, 2943, 1796, 5153, 1187, 2806, 6576, 1227, 2170, 1518, 413, 1562, 1001, 835, 97, 9145, 1299, 6926, 5889, 2475, 1321, 98, 5745, 2604, 883, 2099, 96, 3953, 959, 388, 55, 599, 1881, 661, 1757, 2391, 147, 975, 2311, 3572, 8099, 2096, 1398, 435, 2423, 915, 2455, 1577, 3089, 3548, 886, 5907, 3140, 690, 1532, 984, 339, 4795, 1727, 12526, 2776, 1579, 1797, 395, 974, 8354, 884, 1443, 4464, 2995, 3707, 911, 3653, 1385, 719, 548, 3693, 921, 413, 4911, 1738, 871, 2986, 4214, 1173, 217, 117, 3742, 1089, 1135, 993, 1273, 3609, 102, 3059, 4062, 244, 1336, 1073, 306, 5247, 16587, 296, 238, 867, 87, 3473, 757, 8633, 746, 4276, 2520, 188, 310, 2196, 1729, 1151, 793, 554, 433, 791, 2361, 7313, 58, 5295, 913, 170, 638, 1510, 1961, 456, 751, 385, 2613, 5762, 11948, 2254, 1490, 318, 61, 39, 2292, 1663, 2640, 2709, 1264, 2241, 4670, 1030, 2537, 3379, 1669, 520, 2329, 2473, 3314, 68, 2799, 2454, 1200, 2048, 5031, 123, 3370, 7934, 1331, 8854, 9013, 2387, 6569, 1441, 671, 1578, 1433, 3439, 513, 5376, 4228, 212, 823, 1853, 1483, 1349, 725, 2526, 5427, 177, 265, 1846, 2641, 412, 454, 2252, 1191, 13401, 2218, 97, 1063, 835]","{'checkpoint': 'D:\\dev\\python\\tetris_tdd\\src\\tetris\\heuristic_bot_gym\\.checkpoints\\15x10\\2025-02-13_21-32-10_fitness-11902.pkl', 'top_k': 7, 'previous_mean_score': 2591.04, 'previous_median_score': 1762.5, 'previous_max_score': 10763, 'previous_min_score': 359}"
4273.18,2842.5,22507,25,13,200,tetris.heuristic_bot_gym.evaluators.parallel_within_bot.ParallelWithinBotEvaluator,"{'board_size': (15, 10), 'max_evaluation_frames': 1000000, 'block_selection_fn_from_seed': <function SpawnStrategyImpl.truly_random_select_fn>, 'ui_class': <class 'tetris.ui.cli.ui.CLI'>, 'fps': 60, 'score_log_freq': 1000}","Heuristic(sum_of_cell_heights_close_to_top_weight=27.8413363022765, num_distinct_overhangs_weight=12.49200930819368, num_rows_with_overhung_holes_weight=6.987931084895165, num_overhung_cells_weight=0.55155089259827, num_overhanging_cells_weight=0.0400779193721993, num_narrow_gaps_weight=15.217716295191535, sum_of_cell_heights_weight=0.05237320648891929, sum_of_adjacent_height_differences_weight=3.189719692230175, close_to_top_threshold=2)","[1728, 1324, 3220, 130, 1601, 4824, 846, 815, 3987, 4261, 303, 7424, 368, 12666, 2654, 1006, 3403, 3250, 8966, 3580, 13656, 3278, 2443, 2505, 4949, 12721, 13501, 1172, 1086, 1817, 2667, 9356, 2598, 568, 1438, 962, 205, 6144, 2175, 6389, 11238, 84, 1997, 585, 4013, 846, 5121, 3047, 2212, 449, 5690, 2223, 156, 374, 4494, 3185, 1896, 2410, 8148, 9519, 2768, 1159, 1531, 5770, 391, 8360, 6861, 2828, 3788, 3206, 109, 3701, 7445, 11159, 145, 8181, 2213, 141, 1409, 1061, 476, 6097, 1636, 19068, 10616, 2705, 1811, 53, 1068, 1674, 721, 3048, 2872, 7898, 1418, 894, 246, 5289, 900, 1083, 8539, 3705, 1315, 3121, 25, 8025, 788, 2961, 8492, 19538, 3659, 10745, 5762, 3120, 3960, 437, 499, 2204, 1146, 898, 685, 7323, 3623, 1618, 8187, 6911, 7688, 13246, 12320, 1426, 8428, 22507, 3825, 799, 1155, 3571, 1546, 110, 2903, 1971, 897, 19755, 2713, 1058, 2925, 3851, 4719, 924, 6410, 1213, 1510, 2789, 2242, 17209, 616, 5486, 2386, 4460, 8210, 6151, 3822, 4309, 2492, 6341, 2562, 1270, 1037, 4170, 17911, 2474, 2392, 825, 13398, 2939, 4126, 2047, 1814, 16863, 3617, 11364, 9348, 230, 1889, 5998, 5051, 1318, 1957, 8700, 7324, 2893, 6128, 1149, 8916, 1310, 10781, 7608, 554, 2857, 1563, 3512]","{'checkpoint': 'D:\\dev\\python\\tetris_tdd\\src\\tetris\\heuristic_bot_gym\\.checkpoints\\15x10\\2025-02-14_11-27-36_fitness-11111.pkl', 'top_k': 2, 'previous_mean_score': 3929.4, 'previous_median_score': 3252.5, 'previous_max_score': 13487, 'previous_min_score': 358}"
3567.515,2452.0,22103,47,13,200,tetris.heuristic_bot_gym.evaluators.evaluator.EvaluatorImpl,"{'board_size': (15, 10), 'max_evaluation_frames': 1000000, 'block_selection_fn_from_seed': <function SpawnStrategyImpl.truly_random_select_fn>, 'runner_config': {'cls': <class 'tetris.heuristic_bot_gym.evaluators.runners.parallel.ParallelRunner'>, 'params': {'ui_class': <class 'tetris.ui.cli.ui.CLI'>, 'callback_interval_frames': 1000, 'fps': 60, 'num_workers': None}}}","Heuristic(sum_of_cell_heights_close_to_top_weight=41.21818434799841, num_distinct_overhangs_weight=19.914848406014077, num_rows_with_overhung_holes_weight=6.13842432373824, num_overhung_cells_weight=0.5208734514397767, num_overhanging_cells_weight=0.05439842670715436, num_narrow_gaps_weight=23.59905919751155, sum_of_cell_heights_weight=0.04635894087032103, sum_of_adjacent_height_differences_weight=4.052046945820445, close_to_top_threshold=2)","[7151, 6531, 2061, 2809, 1601, 3876, 1107, 4218, 1954, 128, 3592, 7339, 1856, 5277, 2729, 4493, 1145, 11560, 968, 999, 3391, 1207, 816, 9917, 519, 1720, 4651, 8464, 737, 2393, 10205, 2235, 2184, 1964, 3251, 5134, 376, 10780, 3480, 6898, 567, 2980, 2881, 650, 760, 10490, 841, 415, 4513, 4781, 6224, 4888, 570, 2380, 3741, 2026, 8082, 11406, 443, 736, 1198, 10503, 47, 2707, 1861, 3651, 2717, 2259, 1383, 4748, 8465, 417, 8179, 1321, 2202, 2279, 86, 4743, 1090, 1152, 1002, 5215, 1493, 2638, 5162, 1750, 1435, 4186, 3462, 1661, 6445, 1314, 821, 1348, 339, 865, 5188, 5528, 574, 6027, 6324, 5670, 2260, 3036, 133, 1567, 2893, 6120, 479, 317, 6745, 387, 2724, 5858, 5030, 130, 397, 3545, 6868, 7586, 680, 764, 2912, 1477, 2036, 933, 474, 2105, 2775, 3766, 321, 2504, 336, 3793, 9137, 1443, 1800, 7905, 366, 2771, 275, 1185, 1274, 1133, 200, 7198, 13430, 8637, 821, 3056, 470, 8164, 6949, 750, 1424, 5486, 58, 2400, 3400, 7841, 10807, 12454, 10568, 3920, 22103, 6326, 2067, 709, 5369, 5327, 4647, 3161, 5823, 710, 3297, 228, 1675, 1784, 18189, 1228, 1312, 614, 452, 3321, 966, 4799, 5031, 4122, 7521, 4526, 1285, 1794, 1512, 6160, 5573, 64, 2297, 4726, 6940, 1027]","{'checkpoint': 'D:\\dev\\python\\tetris_tdd\\src\\tetris\\heuristic_bot_gym\\.checkpoints\\15x10\\2025-02-13_21-32-10_fitness-11902.pkl', 'top_k': 6, 'previous_mean_score': 4409.82, 'previous_median_score': 3118.0, 'previous_max_score': 23613, 'previous_min_score': 47}"
3328.425,2726.5,12996,40,13,200,tetris.heuristic_bot_gym.evaluators.evaluator.EvaluatorImpl,"{'board_size': (15, 10), 'max_evaluation_frames': 1000000, 'block_selection_fn_from_seed': <function SpawnStrategyImpl.truly_random_select_fn>, 'runner_config': {'cls': <class 'tetris.heuristic_bot_gym.evaluators.runners.parallel.ParallelRunner'>, 'params': {'ui_class': <class 'tetris.ui.cli.ui.CLI'>, 'callback_interval_frames': 1000, 'fps': 60, 'num_workers': None}}}","Heuristic(sum_of_cell_heights_close_to_top_weight=45.06420103939468, num_distinct_overhangs_weight=17.249060505608238, num_rows_with_overhung_holes_weight=4.828973829270889, num_overhung_cells_weight=0.47917968310591674, num_overhanging_cells_weight=0.09092436952281452, num_narrow_gaps_weight=15.566706487836214, sum_of_cell_heights_weight=0.05506528654328588, sum_of_adjacent_height_differences_weight=3.2639228929020385, close_to_top_threshold=2)","[6847, 2254, 5086, 72, 5634, 1051, 777, 1059, 6579, 4261, 4485, 1095, 5561, 589, 1347, 2480, 4761, 1499, 7138, 346, 1255, 3232, 7383, 10835, 779, 3950, 2753, 4284, 3048, 544, 1477, 40, 2589, 3889, 3197, 8301, 3669, 5734, 4226, 2311, 679, 3367, 3531, 473, 427, 239, 111, 4923, 5638, 2227, 2144, 275, 657, 1190, 573, 891, 152, 6116, 2302, 1671, 553, 5656, 6026, 3789, 3975, 5505, 2005, 2379, 3702, 2612, 719, 3650, 3931, 3381, 66, 106, 653, 3578, 7412, 4122, 2818, 91, 4564, 2608, 2119, 3051, 2184, 4008, 452, 7988, 2227, 6209, 823, 8411, 809, 3640, 3717, 418, 2998, 12996, 4177, 7508, 2427, 2008, 6361, 3666, 2571, 7124, 3929, 1541, 1593, 3451, 4858, 783, 6658, 6593, 659, 3644, 849, 1025, 2794, 2059, 1309, 7057, 4038, 4818, 667, 3008, 2244, 2052, 850, 8787, 4084, 696, 4790, 1455, 1664, 8365, 2623, 837, 8041, 3117, 1466, 5188, 4013, 691, 5503, 614, 3088, 3075, 428, 503, 3479, 298, 6087, 2545, 683, 1306, 2702, 8356, 2141, 2048, 2751, 3156, 3843, 119, 7942, 2477, 307, 1923, 2030, 7419, 1264, 6457, 10916, 5677, 10788, 4567, 2689, 2218, 3600, 2284, 622, 2226, 6977, 4429, 5066, 1496, 10203, 126, 736, 224, 1473, 4365, 11777, 7611, 1300, 962, 9376, 3341]","{'checkpoint': 'D:\\dev\\python\\tetris_tdd\\src\\tetris\\heuristic_bot_gym\\.checkpoints\\15x10\\2025-02-13_20-43-04_fitness-18752.pkl', 'top_k': 2, 'previous_mean_score': 3839.02, 'previous_median_score': 2551.0, 'previous_max_score': 13349, 'previous_min_score': 353}"
2344.565,1541.0,14132,26,13,200,tetris.heuristic_bot_gym.evaluators.evaluator.EvaluatorImpl,"{'board_size': (15, 10), 'max_evaluation_frames': 1000000, 'block_selection_fn_from_seed': <function SpawnStrategyImpl.truly_random_select_fn>, 'runner_config': {'cls': <class 'tetris.heuristic_bot_gym.evaluators.runners.parallel.ParallelRunner'>, 'params': {'ui_class': <class 'tetris.ui.cli.ui.CLI'>, 'callback_interval_frames': 1000, 'fps': 60, 'num_workers': None}}}","Heuristic(sum_of_cell_heights_close_to_top_weight=34.833419524421295, num_distinct_overhangs_weight=24.455921337208206, num_rows_with_overhung_holes_weight=5.282787107186834, num_overhung_cells_weight=0.5113641937118848, num_overhanging_cells_weight=0.05999574629824786, num_narrow_gaps_weight=18.363536788676786, sum_of_cell_heights_weight=0.0576095453924079, sum_of_adjacent_height_differences_weight=4.163372249932198, close_to_top_threshold=2)","[4316, 178, 2621, 168, 1254, 323, 61, 2495, 698, 853, 4486, 1098, 279, 4859, 26, 1299, 3365, 3355, 2502, 5594, 438, 481, 2303, 3102, 1145, 4885, 807, 82, 285, 1941, 798, 2250, 888, 1558, 1206, 846, 643, 3334, 966, 628, 7339, 2810, 485, 2399, 8198, 231, 1288, 4902, 948, 1631, 3244, 1104, 1631, 4825, 1346, 2379, 260, 2024, 3371, 3628, 4455, 5429, 1393, 3344, 4515, 293, 632, 5370, 440, 488, 10689, 2374, 1588, 467, 66, 696, 84, 1957, 1879, 2379, 4602, 392, 1913, 654, 2041, 950, 2653, 7768, 256, 537, 2658, 3573, 1302, 1406, 2608, 2412, 908, 5287, 1752, 1350, 359, 1878, 3996, 764, 2080, 12386, 1366, 1348, 1443, 296, 207, 1241, 5764, 779, 1403, 3946, 1474, 258, 6862, 1008, 5743, 1118, 2334, 4262, 536, 3998, 1263, 4849, 1312, 902, 4377, 5372, 243, 6533, 4682, 2005, 1530, 1392, 1883, 1977, 70, 165, 1503, 1654, 1209, 781, 207, 2476, 1369, 2615, 829, 163, 8896, 1773, 2730, 7412, 2833, 68, 14132, 2453, 1017, 5001, 489, 11545, 3296, 501, 86, 1552, 4266, 3290, 4769, 851, 1835, 1233, 5425, 3689, 1012, 2547, 6427, 432, 90, 947, 5552, 2485, 4142, 495, 84, 3850, 5880, 600, 900, 105, 459, 2070, 1021, 787, 780, 1108, 2109, 1660]","{'checkpoint': 'D:\\dev\\python\\tetris_tdd\\src\\tetris\\heuristic_bot_gym\\.checkpoints\\15x10\\2025-02-13_19-36-56_fitness-20252.pkl', 'top_k': 4, 'previous_mean_score': 3437.64, 'previous_median_score': 3211.5, 'previous_max_score': 11096, 'previous_min_score': 352}"
4258.71,2880.0,24258,57,13,200,tetris.heuristic_bot_gym.evaluators.evaluator.EvaluatorImpl,"{'board_size': (15, 10), 'max_evaluation_frames': 1000000, 'block_selection_fn_from_seed': <function SpawnStrategyImpl.truly_random_select_fn>, 'runner_config': {'cls': <class 'tetris.heuristic_bot_gym.evaluators.runners.parallel.ParallelRunner'>, 'params': {'ui_class': <class 'tetris.ui.cli.ui.CLI'>, 'callback_interval_frames': 1000, 'fps': 60, 'num_workers': None}}}","Heuristic(sum_of_cell_heights_close_to_top_weight=46.15835556293333, num_distinct_overhangs_weight=16.38952106284272, num_rows_with_overhung_holes_weight=4.58175440221833, num_overhung_cells_weight=0.4375669805960749, num_overhanging_cells_weight=0.0923892208929236, num_narrow_gaps_weight=18.805901139853948, sum_of_cell_heights_weight=0.041108614726308224, sum_of_adjacent_height_differences_weight=3.1019653612229665, close_to_top_threshold=2)","[11693, 933, 13359, 1584, 8813, 2108, 5285, 3080, 1567, 1876, 11088, 1503, 5960, 6779, 2752, 261, 6603, 5918, 2783, 10108, 974, 5174, 3096, 2572, 776, 5694, 2909, 6890, 13738, 2367, 57, 1282, 5945, 1950, 2090, 5262, 5525, 691, 12614, 154, 1508, 7234, 2523, 979, 7456, 5905, 610, 5638, 5235, 812, 6094, 4777, 4715, 5258, 1949, 1491, 621, 4173, 3300, 120, 5244, 626, 1991, 7185, 6128, 4069, 3700, 5674, 2068, 1203, 9922, 474, 4926, 2684, 8714, 7411, 73, 1954, 1896, 8095, 24258, 2048, 16934, 3922, 3136, 12046, 2132, 10693, 15442, 10278, 3410, 4101, 10148, 4936, 2592, 4779, 3449, 99, 8641, 4408, 20288, 2078, 6407, 2580, 128, 2869, 416, 5866, 2891, 1459, 6584, 564, 3303, 6935, 2792, 448, 2818, 1137, 739, 99, 2668, 2195, 1599, 1754, 946, 1215, 12388, 4921, 1738, 3661, 4626, 10693, 1296, 6307, 4760, 3822, 10980, 6299, 6502, 641, 100, 399, 2711, 850, 135, 1068, 1025, 8381, 3681, 1571, 6113, 7561, 2412, 513, 2619, 1518, 15493, 1312, 10718, 2092, 2667, 7760, 1685, 1917, 4272, 6250, 9554, 3244, 350, 561, 10412, 234, 1991, 758, 1510, 2067, 1997, 1314, 2008, 6558, 5100, 990, 1465, 312, 1083, 487, 6025, 3172, 4374, 161, 3297, 8782, 808, 314, 1170, 3528, 4154, 11444, 11741, 842]","{'checkpoint': 'D:\\dev\\python\\tetris_tdd\\src\\tetris\\heuristic_bot_gym\\.checkpoints\\15x10\\finetuning\\2025-02-14_21-45-19_fitness-15984.pkl', 'top_k': 3, 'previous_mean_score': 3986.66, 'previous_median_score': 2971.5, 'previous_max_score': 23675, 'previous_min_score': 343}"
4180.405,3005.0,21556,31,13,200,tetris.heuristic_bot_gym.evaluators.evaluator.EvaluatorImpl,"{'board_size': (15, 10), 'max_evaluation_frames': 1000000, 'block_selection_fn_from_seed': <function SpawnStrategyImpl.truly_random_select_fn>, 'runner_config': {'cls': <class 'tetris.heuristic_bot_gym.evaluators.runners.parallel.ParallelRunner'>, 'params': {'ui_class': <class 'tetris.ui.cli.ui.CLI'>, 'callback_interval_frames': 1000, 'fps': 60, 'num_workers': None}}}","Heuristic(sum_of_cell_heights_close_to_top_weight=33.89630436203931, num_distinct_overhangs_weight=11.43621381990169, num_rows_with_overhung_holes_weight=8.053197579606092, num_overhung_cells_weight=0.6860411472757613, num_overhanging_cells_weight=0.031699654009779685, num_narrow_gaps_weight=14.908644923538874, sum_of_cell_heights_weight=0.034746735873229365, sum_of_adjacent_height_differences_weight=2.927837407640387, close_to_top_threshold=2)","[2053, 5114, 10973, 7883, 2767, 8342, 1356, 3000, 3364, 249, 17315, 19593, 3247, 10301, 3733, 2648, 424, 2563, 1487, 1038, 3366, 3130, 11975, 2626, 4687, 3683, 3327, 1967, 6333, 1905, 3904, 2838, 5147, 1488, 13199, 21556, 3284, 7813, 239, 4517, 1398, 14573, 7198, 3994, 1819, 3928, 3350, 411, 5692, 7247, 2154, 14028, 4713, 1439, 2895, 5206, 147, 1059, 4059, 76, 2259, 1299, 4769, 1747, 10299, 2202, 9206, 3963, 8077, 8037, 3595, 2205, 2465, 3746, 3766, 8178, 560, 8446, 2377, 4257, 14625, 1736, 1149, 2719, 8394, 895, 147, 2872, 11100, 2713, 8956, 6770, 4040, 2927, 115, 10384, 2881, 416, 1696, 1946, 11452, 533, 583, 3143, 873, 4486, 2451, 7289, 123, 328, 3247, 2887, 6744, 9396, 3144, 2011, 3339, 1162, 344, 5001, 1326, 6338, 1606, 3583, 6548, 12709, 5953, 1014, 1804, 1960, 1271, 451, 4064, 12957, 7033, 1917, 7075, 718, 1798, 2139, 886, 2969, 5252, 566, 505, 3502, 3180, 7038, 3010, 3505, 1787, 512, 9640, 1490, 687, 1188, 689, 914, 10309, 5195, 1106, 777, 4056, 3282, 7540, 3187, 3786, 525, 6498, 2654, 2014, 3908, 1926, 1905, 16900, 31, 2305, 11268, 4326, 4821, 2644, 459, 6971, 1314, 6986, 421, 1126, 7530, 1030, 496, 58, 3921, 10925, 1047, 1939, 3580, 1119, 1105, 6898, 2319]","{'checkpoint': 'D:\\dev\\python\\tetris_tdd\\src\\tetris\\heuristic_bot_gym\\.checkpoints\\15x10\\2025-02-14_12-01-46_fitness-13175.pkl', 'top_k': 6, 'previous_mean_score': 4380.4, 'previous_median_score': 3234.0, 'previous_max_score': 15589, 'previous_min_score': 332}"
3752.695,2627.0,18718,62,13,200,tetris.heuristic_bot_gym.evaluators.evaluator.EvaluatorImpl,"{'board_size': (15, 10), 'max_evaluation_frames': 1000000, 'block_selection_fn_from_seed': <function SpawnStrategyImpl.truly_random_select_fn>, 'runner_config': {'cls': <class 'tetris.heuristic_bot_gym.evaluators.runners.parallel.ParallelRunner'>, 'params': {'ui_class': <class 'tetris.ui.cli.ui.CLI'>, 'callback_interval_frames': 1000, 'fps': 60, 'num_workers': None}}}","Heuristic(sum_of_cell_heights_close_to_top_weight=27.31688916927072, num_distinct_overhangs_weight=17.241326576091506, num_rows_with_overhung_holes_weight=7.992763713701696, num_overhung_cells_weight=0.5033234730042723, num_overhanging_cells_weight=0.05065564493991445, num_narrow_gaps_weight=25.391583849149296, sum_of_cell_heights_weight=0.03666510074783145, sum_of_adjacent_height_differences_weight=3.272913489581008, close_to_top_threshold=2)","[3363, 3019, 2067, 1253, 1156, 1638, 1028, 1056, 1780, 10130, 4803, 2342, 1103, 7854, 1077, 4157, 12348, 6565, 106, 4289, 6728, 1352, 4877, 3909, 2561, 6502, 550, 4090, 3456, 1293, 348, 791, 5468, 2706, 8119, 6891, 11809, 10974, 697, 1465, 7694, 2392, 1024, 475, 1126, 3207, 4240, 5540, 5596, 675, 4734, 761, 1739, 7755, 7735, 549, 170, 7243, 2086, 1114, 650, 11429, 729, 2925, 1792, 5964, 1765, 15842, 1693, 10457, 3160, 369, 250, 6506, 62, 181, 1148, 3104, 4284, 1471, 2023, 1934, 3402, 4754, 1911, 6421, 1812, 7330, 3679, 402, 8292, 2362, 1066, 324, 2268, 2030, 1227, 875, 7810, 3446, 2981, 3295, 3332, 15395, 7208, 183, 2449, 8087, 4876, 3253, 1979, 2232, 1488, 2321, 2174, 676, 1830, 1169, 220, 7583, 681, 849, 7789, 8200, 97, 6056, 3798, 8619, 4942, 8719, 1019, 2499, 1863, 3627, 856, 4239, 10642, 735, 5180, 1954, 6491, 717, 1469, 3502, 1220, 3131, 140, 701, 4486, 4328, 3981, 4924, 4537, 334, 5558, 8900, 18718, 364, 7145, 8869, 3839, 977, 3500, 84, 994, 1121, 95, 237, 8497, 4753, 4907, 9114, 12919, 713, 12314, 4315, 523, 3714, 644, 112, 2012, 2308, 610, 2694, 3873, 3206, 1872, 1580, 70, 10333, 3296, 5587, 16489, 2693, 2030, 345, 8178, 1806, 2132, 2719]","{'checkpoint': 'D:\\dev\\python\\tetris_tdd\\src\\tetris\\heuristic_bot_gym\\.checkpoints\\15x10\\finetuning\\2025-02-14_18-32-06_fitness-18837.pkl', 'top_k': 5, 'previous_mean_score': 4191.38, 'previous_median_score': 3118.5, 'previous_max_score': 17674, 'previous_min_score': 325}"
3707.545,2378.5,23999,31,13,200,tetris.heuristic_bot_gym.evaluators.evaluator.EvaluatorImpl,"{'board_size': (15, 10), 'max_evaluation_frames': 1000000, 'block_selection_fn_from_seed': <function SpawnStrategyImpl.truly_random_select_fn>, 'runner_config': {'cls': <class 'tetris.heuristic_bot_gym.evaluators.runners.parallel.ParallelRunner'>, 'params': {'ui_class': <class 'tetris.ui.cli.ui.CLI'>, 'callback_interval_frames': 1000, 'fps': 60, 'num_workers': None}}}","Heuristic(sum_of_cell_heights_close_to_top_weight=34.24562915156648, num_distinct_overhangs_weight=14.565461623191668, num_rows_with_overhung_holes_weight=6.490207039185892, num_overhung_cells_weight=0.5782553063263589, num_overhanging_cells_weight=0.062084187240142016, num_narrow_gaps_weight=15.991767207229199, sum_of_cell_heights_weight=0.03748808421977283, sum_of_adjacent_height_differences_weight=3.1593954497890864, close_to_top_threshold=2)","[5298, 2374, 565, 6064, 7766, 3413, 1580, 109, 694, 460, 2710, 2106, 1907, 10410, 220, 7972, 1558, 1726, 690, 5011, 12835, 807, 13922, 403, 3255, 6249, 2767, 184, 10542, 1837, 414, 273, 954, 2695, 8957, 1563, 6550, 6386, 239, 1586, 23999, 400, 1048, 598, 3116, 9906, 2373, 899, 4111, 682, 2150, 611, 7305, 3140, 1605, 8275, 147, 1374, 11076, 1359, 2383, 4409, 1392, 5774, 7308, 2105, 6148, 4448, 11817, 3117, 4326, 281, 2779, 1179, 7817, 1088, 3211, 4288, 1893, 6272, 81, 174, 13175, 3611, 1392, 5106, 192, 1717, 10698, 1671, 1946, 4858, 14861, 870, 115, 2018, 117, 1392, 340, 1383, 1713, 3669, 3521, 328, 14823, 269, 1296, 1210, 100, 5054, 2475, 5190, 271, 1736, 5031, 2265, 658, 1755, 4295, 2410, 2996, 12384, 2925, 76, 4001, 6149, 2098, 1682, 2094, 2874, 406, 13539, 1144, 2083, 4409, 3432, 5407, 623, 3149, 166, 3609, 1146, 1272, 794, 505, 2429, 4675, 1666, 3027, 434, 4886, 7802, 6054, 451, 5861, 2542, 255, 68, 8276, 2550, 3268, 12416, 2493, 306, 6151, 3212, 2121, 1965, 21714, 7777, 1606, 3115, 59, 660, 1776, 31, 733, 5988, 4186, 7678, 274, 3190, 2906, 2489, 4201, 1868, 1124, 7920, 8378, 1117, 359, 13471, 10599, 4184, 899, 5890, 554, 3629, 14398, 1819]","{'checkpoint': 'D:\\dev\\python\\tetris_tdd\\src\\tetris\\heuristic_bot_gym\\.checkpoints\\15x10\\2025-02-13_19-09-12_fitness-15972.pkl', 'top_k': 3, 'previous_mean_score': 4242.66, 'previous_median_score': 3052.5, 'previous_max_score': 18885, 'previous_min_score': 307}"
